playerId,gameweek,name,minutes-played,team,opponent,clean-sheet,goals-conceded,saves,penalty-saves,yellow-cards,red-cards,bonus,total
1,1.0,Szczesny,90,ARS,CRY,0,1,1,0,0,0,0,2
1,2.0,Szczesny,90,ARS,EVE,0,2,0,0,0,0,0,1
1,3.0,Szczesny,90,ARS,LEI,0,1,2,0,1,0,0,1
1,4.0,Szczesny,90,ARS,MCI,0,2,6,0,0,0,0,3
1,5.0,Szczesny,90,ARS,AVL,1,0,2,0,0,0,0,6
1,6.0,Szczesny,90,ARS,TOT,0,1,4,0,0,0,0,3
1,7.0,Szczesny,90,ARS,CHE,0,2,1,0,0,0,0,1
1,8.0,Szczesny,90,ARS,HUL,0,2,2,0,0,0,0,1
1,9.0,Szczesny,90,ARS,SUN,1,0,3,0,0,0,0,7
1,10.0,Szczesny,90,ARS,BUR,1,0,2,0,0,0,0,6
1,11.0,Szczesny,90,ARS,SWA,0,2,3,0,0,0,0,2
1,12.0,Szczesny,58,ARS,MUN,0,1,0,0,0,0,0,1
1,16.0,Szczesny,90,ARS,NEW,0,1,3,0,0,0,0,3
1,17.0,Szczesny,90,ARS,LIV,0,2,8,0,0,0,0,3
1,18.0,Szczesny,90,ARS,QPR,0,1,1,0,0,0,0,2
1,19.0,Szczesny,90,ARS,WHU,0,1,3,0,0,0,0,3
1,20.0,Szczesny,90,ARS,SOU,0,2,3,0,0,0,0,2
29,35.0,Given,90,AVL,EVE,0,2,3,0,1,0,0,1
29,36.0,Given,90,AVL,WHU,1,0,1,0,0,0,0,6
29,37.0,Given,90,AVL,SOU,0,6,5,0,0,0,0,0
30,1.0,Guzan,90,AVL,STK,1,0,2,0,0,0,0,6
30,2.0,Guzan,90,AVL,NEW,1,0,4,0,0,0,0,7
30,3.0,Guzan,90,AVL,HUL,0,1,2,0,1,0,0,1
30,4.0,Guzan,90,AVL,LIV,1,0,1,0,0,0,1,7
30,5.0,Guzan,90,AVL,ARS,0,3,1,0,0,0,0,1
30,6.0,Guzan,90,AVL,CHE,0,3,4,0,0,0,0,2
30,7.0,Guzan,90,AVL,MCI,0,2,5,0,0,0,0,2
30,8.0,Guzan,90,AVL,EVE,0,3,3,0,0,0,0,2
30,9.0,Guzan,90,AVL,QPR,0,2,2,0,0,0,0,1
30,10.0,Guzan,90,AVL,TOT,0,2,5,0,0,0,0,2
30,11.0,Guzan,90,AVL,WHU,1,0,5,0,0,0,0,7
30,12.0,Guzan,90,AVL,SOU,0,1,3,0,0,0,0,3
30,13.0,Guzan,90,AVL,BUR,0,1,3,0,0,0,0,3
30,14.0,Guzan,90,AVL,CRY,1,0,5,0,0,0,0,7
30,15.0,Guzan,90,AVL,LEI,0,1,3,0,0,0,0,3
30,16.0,Guzan,90,AVL,WBA,0,1,4,0,0,0,0,3
30,17.0,Guzan,90,AVL,MUN,0,1,8,0,1,0,0,3
30,18.0,Guzan,90,AVL,SWA,0,1,1,0,0,0,0,2
30,19.0,Guzan,90,AVL,SUN,1,0,3,0,0,0,0,7
30,20.0,Guzan,90,AVL,CRY,1,0,0,0,0,0,0,6
30,21.0,Guzan,90,AVL,LEI,0,1,2,0,0,0,0,2
30,22.0,Guzan,90,AVL,LIV,0,2,3,0,0,0,0,2
30,23.0,Guzan,90,AVL,ARS,0,5,3,0,0,0,0,1
30,24.0,Guzan,90,AVL,CHE,0,2,3,0,0,0,0,2
30,25.0,Guzan,90,AVL,HUL,0,2,2,0,0,0,0,1
30,26.0,Guzan,90,AVL,STK,0,2,4,0,0,0,0,2
30,27.0,Guzan,90,AVL,NEW,0,1,4,0,0,0,0,3
30,28.0,Guzan,90,AVL,WBA,0,1,0,0,0,0,0,2
30,29.0,Guzan,90,AVL,SUN,1,0,2,0,0,0,0,6
30,30.0,Guzan,90,AVL,SWA,0,1,4,0,0,0,0,3
30,31.0,Guzan,90,AVL,MUN,0,3,4,0,0,0,0,2
30,31.5,Guzan,90,AVL,QPR,0,3,2,0,0,0,0,1
30,32.0,Guzan,90,AVL,TOT,1,0,3,0,0,0,2,9
30,34.0,Guzan,90,AVL,MCI,0,3,1,0,0,0,0,1
58,1.0,Heaton,90,BUR,CHE,0,3,0,0,0,0,0,1
58,2.0,Heaton,90,BUR,SWA,0,1,3,0,0,0,0,3
58,3.0,Heaton,90,BUR,MUN,1,0,1,0,0,0,0,6
58,4.0,Heaton,90,BUR,CRY,1,0,3,0,0,0,0,7
58,5.0,Heaton,90,BUR,SUN,1,0,6,0,0,0,0,8
58,6.0,Heaton,90,BUR,WBA,0,4,2,0,0,0,0,0
58,7.0,Heaton,90,BUR,LEI,0,2,4,0,0,0,0,2
58,8.0,Heaton,90,BUR,WHU,0,3,2,0,0,0,0,1
58,9.0,Heaton,90,BUR,EVE,0,3,3,0,0,0,0,2
58,10.0,Heaton,90,BUR,ARS,0,3,8,0,0,0,0,3
58,11.0,Heaton,90,BUR,HUL,1,0,1,0,0,0,1,7
58,12.0,Heaton,90,BUR,STK,0,1,3,0,1,0,0,2
58,13.0,Heaton,90,BUR,AVL,0,1,6,0,0,0,0,4
58,14.0,Heaton,90,BUR,NEW,0,1,3,0,0,0,0,3
58,15.0,Heaton,90,BUR,QPR,0,2,3,0,0,0,0,2
58,16.0,Heaton,90,BUR,SOU,1,0,4,1,0,0,3,15
58,17.0,Heaton,90,BUR,TOT,0,2,4,0,0,0,0,2
58,18.0,Heaton,90,BUR,LIV,0,1,2,0,0,0,0,2
58,19.0,Heaton,90,BUR,MCI,0,2,4,0,0,0,0,2
58,20.0,Heaton,90,BUR,NEW,0,3,1,0,0,0,0,1
58,21.0,Heaton,90,BUR,QPR,0,1,6,0,0,0,0,4
58,22.0,Heaton,90,BUR,CRY,0,3,1,0,0,0,0,1
58,23.0,Heaton,90,BUR,SUN,0,2,1,0,0,0,0,1
58,24.0,Heaton,90,BUR,WBA,0,2,2,0,0,0,0,1
58,25.0,Heaton,90,BUR,MUN,0,3,3,0,0,0,0,2
58,26.0,Heaton,90,BUR,CHE,0,1,4,0,0,0,0,3
58,27.0,Heaton,90,BUR,SWA,0,1,2,0,0,0,0,2
58,28.0,Heaton,90,BUR,LIV,0,2,6,0,0,0,0,3
58,29.0,Heaton,90,BUR,MCI,1,0,5,0,0,0,2,9
58,30.0,Heaton,90,BUR,SOU,0,2,2,0,0,0,0,1
58,31.0,Heaton,90,BUR,TOT,1,0,2,0,0,0,0,6
58,32.0,Heaton,90,BUR,ARS,0,1,4,0,0,0,0,3
58,33.0,Heaton,90,BUR,EVE,0,1,7,1,0,0,2,11
58,34.0,Heaton,90,BUR,LEI,0,1,3,0,0,0,0,3
58,35.0,Heaton,90,BUR,WHU,0,1,5,0,0,0,0,3
58,36.0,Heaton,90,BUR,HUL,1,0,3,0,0,0,1,8
58,37.0,Heaton,90,BUR,STK,1,0,3,0,0,0,0,7
58,38.0,Heaton,90,BUR,AVL,1,0,5,0,0,0,2,9
77,7.0,Cech,67,CHE,ARS,1,0,0,0,0,0,0,6
77,16.0,Cech,90,CHE,HUL,1,0,0,0,0,0,0,6
77,21.0,Cech,90,CHE,NEW,1,0,4,0,0,0,0,7
77,22.0,Cech,90,CHE,SWA,1,0,0,0,0,0,0,6
77,25.0,Cech,90,CHE,EVE,1,0,4,0,0,0,0,7
77,34.5,Cech,90,CHE,LEI,0,1,1,0,0,0,0,2
77,38.0,Cech,90,CHE,SUN,0,1,7,0,0,0,0,4
78,1.0,Courtois,90,CHE,BUR,0,1,1,0,0,0,0,2
78,2.0,Courtois,90,CHE,LEI,1,0,4,0,0,0,0,7
78,3.0,Courtois,90,CHE,EVE,0,3,4,0,0,0,0,2
78,4.0,Courtois,90,CHE,SWA,0,2,1,0,0,0,0,1
78,5.0,Courtois,90,CHE,MCI,0,1,3,0,0,0,0,3
78,6.0,Courtois,90,CHE,AVL,1,0,1,0,0,0,0,6
78,7.0,Courtois,23,CHE,ARS,0,0,0,0,0,0,0,1
78,8.0,Courtois,90,CHE,CRY,0,1,3,0,0,0,0,3
78,9.0,Courtois,90,CHE,MUN,0,1,6,0,0,0,0,4
78,10.0,Courtois,90,CHE,QPR,0,1,0,0,0,0,0,2
78,11.0,Courtois,90,CHE,LIV,0,1,3,0,1,0,0,2
78,12.0,Courtois,90,CHE,WBA,1,0,1,0,0,0,0,6
78,13.0,Courtois,90,CHE,SUN,1,0,3,0,0,0,0,7
78,14.0,Courtois,90,CHE,TOT,1,0,2,0,0,0,0,6
78,15.0,Courtois,90,CHE,NEW,0,2,1,0,0,0,0,1
78,17.0,Courtois,90,CHE,STK,1,0,2,0,0,0,0,6
78,18.0,Courtois,90,CHE,WHU,1,0,0,0,0,0,0,6
78,19.0,Courtois,90,CHE,SOU,0,1,0,0,0,0,0,2
78,20.0,Courtois,90,CHE,TOT,0,5,3,0,0,0,0,1
78,23.0,Courtois,90,CHE,MCI,0,1,4,0,0,0,0,3
78,24.0,Courtois,90,CHE,AVL,0,1,0,0,0,0,0,2
78,26.0,Courtois,90,CHE,BUR,0,1,4,0,0,0,0,3
78,28.0,Courtois,90,CHE,WHU,1,0,5,0,0,0,0,7
78,29.0,Courtois,90,CHE,SOU,0,1,4,0,0,0,0,3
78,30.0,Courtois,90,CHE,HUL,0,2,6,0,0,0,0,3
78,31.0,Courtois,90,CHE,STK,0,1,1,0,0,0,0,2
78,32.0,Courtois,90,CHE,QPR,1,0,4,0,0,0,0,7
78,33.0,Courtois,90,CHE,MUN,1,0,2,0,0,0,1,7
78,34.0,Courtois,90,CHE,ARS,1,0,1,0,0,0,0,6
78,35.0,Courtois,90,CHE,CRY,1,0,1,0,0,0,0,6
78,36.0,Courtois,90,CHE,LIV,0,1,3,0,0,0,0,3
78,37.0,Courtois,90,CHE,WBA,0,3,2,0,0,0,0,1
104,1.0,Speroni,90,CRY,ARS,0,2,4,0,0,0,0,2
104,2.0,Speroni,90,CRY,WHU,0,3,5,0,0,0,0,2
104,3.0,Speroni,90,CRY,NEW,0,3,1,0,0,0,0,1
104,4.0,Speroni,90,CRY,BUR,1,0,3,1,0,0,3,15
104,5.0,Speroni,90,CRY,EVE,0,2,4,0,1,0,0,1
104,6.0,Speroni,90,CRY,LEI,1,0,1,0,0,0,0,6
104,7.0,Speroni,90,CRY,HUL,0,2,0,0,0,0,0,1
104,8.0,Speroni,90,CRY,CHE,0,2,2,0,0,0,0,1
104,9.0,Speroni,54,CRY,WBA,0,1,2,0,0,0,0,1
104,10.0,Speroni,90,CRY,SUN,0,3,4,0,0,0,0,2
104,11.0,Speroni,90,CRY,MUN,0,1,3,0,0,0,0,3
104,12.0,Speroni,90,CRY,LIV,0,1,0,0,0,0,0,2
104,13.0,Speroni,90,CRY,SWA,0,1,3,0,0,0,0,3
104,14.0,Speroni,90,CRY,AVL,0,1,2,0,0,0,0,2
104,15.0,Speroni,90,CRY,TOT,1,0,2,0,0,0,0,6
104,16.0,Speroni,90,CRY,STK,0,1,2,0,0,0,0,2
104,17.0,Speroni,90,CRY,MCI,0,3,0,0,0,0,0,1
104,18.0,Speroni,90,CRY,SOU,0,3,3,0,0,0,0,2
104,19.0,Speroni,90,CRY,QPR,1,0,2,0,0,0,0,6
104,20.0,Speroni,90,CRY,AVL,1,0,3,0,0,0,0,7
104,21.0,Speroni,90,CRY,TOT,0,1,4,0,0,0,0,3
104,22.0,Speroni,90,CRY,BUR,0,2,1,0,0,0,0,1
104,23.0,Speroni,90,CRY,EVE,0,1,1,0,0,0,0,2
104,24.0,Speroni,90,CRY,LEI,1,0,5,0,0,0,2,9
104,25.0,Speroni,90,CRY,NEW,0,1,0,0,0,0,0,2
104,26.0,Speroni,90,CRY,ARS,0,2,2,0,0,0,0,1
104,27.0,Speroni,90,CRY,WHU,0,1,4,0,0,0,0,3
104,28.0,Speroni,90,CRY,SOU,0,1,2,0,0,0,0,2
104,29.0,Speroni,90,CRY,QPR,0,1,3,0,0,0,0,3
104,30.0,Speroni,90,CRY,STK,0,1,3,0,0,0,0,3
104,31.0,Speroni,90,CRY,MCI,0,1,3,0,0,0,0,3
104,32.0,Speroni,90,CRY,SUN,0,1,2,0,0,0,0,2
104,33.0,Speroni,90,CRY,WBA,0,2,1,0,0,0,0,1
104,34.0,Speroni,90,CRY,HUL,0,2,5,0,0,0,0,2
104,35.0,Speroni,90,CRY,CHE,0,1,6,1,0,0,2,11
104,36.0,Speroni,90,CRY,MUN,0,2,2,0,0,0,0,1
105,9.0,Hennessey,36,CRY,WBA,0,1,0,0,0,0,0,1
105,37.0,Hennessey,90,CRY,LIV,0,1,2,0,0,0,0,2
105,38.0,Hennessey,90,CRY,SWA,1,0,2,0,0,0,0,6
130,1.0,Howard,90,EVE,LEI,0,2,1,0,0,0,0,1
130,2.0,Howard,90,EVE,ARS,0,2,1,0,0,0,0,1
130,3.0,Howard,90,EVE,CHE,0,6,3,0,1,0,0,-1
130,4.0,Howard,90,EVE,WBA,1,0,1,0,0,0,0,6
130,5.0,Howard,90,EVE,CRY,0,3,0,0,0,0,0,1
130,6.0,Howard,90,EVE,LIV,0,1,7,0,0,0,0,4
130,7.0,Howard,90,EVE,MUN,0,2,2,0,1,0,0,0
130,8.0,Howard,90,EVE,AVL,1,0,2,0,0,0,0,6
130,9.0,Howard,90,EVE,BUR,0,1,2,0,0,0,0,2
130,10.0,Howard,90,EVE,SWA,1,0,0,0,0,0,0,6
130,11.0,Howard,90,EVE,SUN,0,1,1,0,0,0,0,2
130,12.0,Howard,90,EVE,WHU,0,1,2,0,0,0,0,2
130,13.0,Howard,90,EVE,TOT,0,2,4,0,0,0,0,2
130,14.0,Howard,90,EVE,HUL,0,1,0,0,0,0,0,2
130,15.0,Howard,90,EVE,MCI,0,1,2,0,0,0,0,2
130,16.0,Howard,90,EVE,QPR,0,1,3,0,0,0,0,3
130,17.0,Howard,90,EVE,SOU,0,3,1,0,0,0,0,1
130,18.0,Howard,45,EVE,STK,0,1,1,0,0,0,0,1
130,25.0,Howard,90,EVE,CHE,0,1,6,0,0,0,0,4
130,26.0,Howard,90,EVE,LEI,0,2,2,0,0,0,0,1
130,27.0,Howard,90,EVE,ARS,0,2,2,0,0,0,0,1
130,28.0,Howard,90,EVE,STK,0,2,1,0,0,0,0,1
130,29.0,Howard,90,EVE,NEW,1,0,3,0,0,0,0,7
130,30.0,Howard,90,EVE,QPR,0,1,0,0,0,0,0,2
130,31.0,Howard,90,EVE,SOU,1,0,2,0,0,0,1,7
130,32.0,Howard,90,EVE,SWA,0,1,2,0,1,0,0,1
130,33.0,Howard,90,EVE,BUR,1,0,1,0,0,0,0,6
130,34.0,Howard,90,EVE,MUN,1,0,4,0,0,0,0,7
130,35.0,Howard,90,EVE,AVL,0,3,1,0,0,0,0,1
130,36.0,Howard,90,EVE,SUN,0,2,1,0,0,0,0,1
130,37.0,Howard,90,EVE,WHU,0,1,2,0,0,0,0,2
130,38.0,Howard,90,EVE,TOT,0,1,2,0,0,0,0,2
131,18.0,Robles,45,EVE,STK,0,0,0,0,0,0,0,1
131,19.0,Robles,90,EVE,NEW,0,3,3,0,0,0,0,2
131,20.0,Robles,90,EVE,HUL,0,2,3,0,0,0,0,2
131,21.0,Robles,90,EVE,MCI,0,1,1,0,0,0,0,2
131,22.0,Robles,90,EVE,WBA,1,0,0,0,0,0,0,6
131,23.0,Robles,90,EVE,CRY,1,0,2,0,1,0,0,5
131,24.0,Robles,90,EVE,LIV,1,0,6,0,0,0,0,8
155,1.0,McGregor,90,HUL,QPR,1,0,5,1,0,0,2,14
155,2.0,McGregor,90,HUL,STK,0,1,2,0,0,0,0,2
155,3.0,McGregor,90,HUL,AVL,0,2,2,0,0,0,0,1
155,4.0,McGregor,90,HUL,WHU,0,2,3,0,0,0,0,2
155,5.0,McGregor,90,HUL,NEW,0,2,5,0,0,0,0,2
155,6.0,McGregor,90,HUL,MCI,0,4,2,0,0,0,0,0
155,12.0,McGregor,90,HUL,TOT,0,2,4,0,0,0,0,2
155,13.0,McGregor,90,HUL,MUN,0,3,2,0,0,0,0,1
155,14.0,McGregor,90,HUL,EVE,0,1,4,0,0,0,0,3
155,15.0,McGregor,90,HUL,WBA,1,0,3,1,0,0,3,15
155,16.0,McGregor,90,HUL,CHE,0,2,1,0,0,0,0,1
155,17.0,McGregor,90,HUL,SWA,0,1,2,0,0,0,0,2
155,18.0,McGregor,90,HUL,SUN,0,1,1,0,0,0,0,2
155,19.0,McGregor,90,HUL,LEI,0,1,1,0,0,0,0,2
155,20.0,McGregor,90,HUL,EVE,1,0,3,0,0,0,0,7
155,21.0,McGregor,90,HUL,WBA,0,1,2,0,0,0,0,2
155,22.0,McGregor,90,HUL,WHU,0,3,3,0,0,0,0,2
155,23.0,McGregor,90,HUL,NEW,0,3,2,0,0,0,0,1
155,24.0,McGregor,90,HUL,MCI,0,1,4,0,0,0,0,3
155,25.0,McGregor,90,HUL,AVL,1,0,4,0,0,0,1,8
155,26.0,McGregor,90,HUL,QPR,0,1,2,0,0,0,0,2
155,27.0,McGregor,90,HUL,STK,0,1,1,0,0,0,0,2
155,28.0,McGregor,90,HUL,SUN,0,1,2,0,0,0,0,2
155,29.0,McGregor,90,HUL,LEI,1,0,3,0,0,0,1,8
155,30.0,McGregor,90,HUL,CHE,0,3,0,0,0,0,0,1
155,31.0,McGregor,90,HUL,SWA,0,3,1,0,0,0,0,1
156,7.0,Harper,90,HUL,CRY,1,0,1,0,0,0,0,6
156,8.0,Harper,42,HUL,ARS,0,1,4,0,0,0,0,2
156,11.0,Harper,90,HUL,BUR,0,1,2,0,0,0,0,2
156,32.0,Harper,90,HUL,SOU,0,2,2,0,0,0,0,1
156,34.0,Harper,90,HUL,CRY,1,0,3,0,0,0,0,7
156,34.5,Harper,90,HUL,LIV,1,0,9,0,0,0,3,12
156,35.0,Harper,90,HUL,ARS,0,3,6,0,0,0,0,3
156,36.0,Harper,90,HUL,BUR,0,1,1,0,0,0,0,2
156,37.0,Harper,90,HUL,TOT,0,2,1,0,0,0,0,1
156,38.0,Harper,90,HUL,MUN,1,0,1,0,0,0,0,6
178,1.0,Schmeichel,90,LEI,EVE,0,2,1,0,0,0,0,1
178,2.0,Schmeichel,90,LEI,CHE,0,2,8,0,0,0,0,3
178,3.0,Schmeichel,90,LEI,ARS,0,1,5,0,0,0,0,3
178,5.0,Schmeichel,90,LEI,MUN,0,3,2,0,0,0,0,1
178,6.0,Schmeichel,90,LEI,CRY,0,2,4,0,0,0,0,2
178,7.0,Schmeichel,90,LEI,BUR,0,2,2,0,0,0,0,1
178,8.0,Schmeichel,90,LEI,NEW,0,1,5,0,0,0,0,3
178,9.0,Schmeichel,90,LEI,SWA,0,2,1,0,0,0,0,1
178,10.0,Schmeichel,90,LEI,WBA,0,1,3,0,0,0,0,3
178,11.0,Schmeichel,90,LEI,SOU,0,2,4,0,0,0,0,2
178,12.0,Schmeichel,90,LEI,SUN,1,0,5,0,0,0,1,8
178,13.0,Schmeichel,90,LEI,QPR,0,3,3,0,0,0,0,2
178,14.0,Schmeichel,90,LEI,LIV,0,3,0,0,0,0,0,1
178,15.0,Schmeichel,90,LEI,AVL,0,2,5,0,0,0,0,2
178,30.0,Schmeichel,90,LEI,TOT,0,4,1,0,0,0,0,0
178,31.0,Schmeichel,90,LEI,WHU,0,1,6,0,0,0,0,4
178,32.0,Schmeichel,90,LEI,WBA,0,2,3,0,0,0,0,2
178,33.0,Schmeichel,90,LEI,SWA,1,0,6,0,0,0,0,8
178,34.0,Schmeichel,90,LEI,BUR,1,0,5,0,0,0,3,10
178,34.5,Schmeichel,90,LEI,CHE,0,3,1,0,0,0,0,1
178,35.0,Schmeichel,90,LEI,NEW,1,0,3,0,0,0,0,7
178,36.0,Schmeichel,90,LEI,SOU,1,0,3,0,0,0,2,9
178,37.0,Schmeichel,90,LEI,SUN,1,0,3,0,0,0,0,7
178,38.0,Schmeichel,90,LEI,QPR,0,1,1,0,0,0,0,2
179,4.0,Hamer,90,LEI,STK,1,0,4,0,0,0,1,8
179,16.0,Hamer,90,LEI,MCI,0,1,3,0,0,0,0,3
179,17.0,Hamer,90,LEI,WHU,0,2,0,0,0,0,0,1
179,18.0,Hamer,90,LEI,TOT,0,2,1,0,0,0,0,1
179,19.0,Hamer,90,LEI,HUL,1,0,4,0,0,0,1,8
179,20.0,Hamer,90,LEI,LIV,0,2,4,0,0,0,0,2
179,21.0,Hamer,90,LEI,AVL,1,0,1,0,0,0,0,6
179,22.0,Hamer,90,LEI,STK,0,1,2,0,0,0,0,2
200,1.0,Mignolet,90,LIV,SOU,0,1,5,0,0,0,0,3
200,2.0,Mignolet,90,LIV,MCI,0,3,1,0,0,0,0,1
200,3.0,Mignolet,90,LIV,TOT,1,0,1,0,0,0,0,6
200,4.0,Mignolet,90,LIV,AVL,0,1,0,0,0,0,0,2
200,5.0,Mignolet,90,LIV,WHU,0,3,4,0,0,0,0,2
200,6.0,Mignolet,90,LIV,EVE,0,1,4,0,0,0,0,3
200,7.0,Mignolet,90,LIV,WBA,0,1,3,0,0,0,0,3
200,8.0,Mignolet,90,LIV,QPR,0,2,4,0,0,0,0,2
200,9.0,Mignolet,90,LIV,HUL,1,0,3,0,0,0,0,7
200,10.0,Mignolet,90,LIV,NEW,0,1,1,0,0,0,0,2
200,11.0,Mignolet,90,LIV,CHE,0,2,3,0,0,0,0,2
200,12.0,Mignolet,90,LIV,CRY,0,3,2,0,0,0,0,1
200,13.0,Mignolet,90,LIV,STK,1,0,3,0,0,0,0,7
200,14.0,Mignolet,90,LIV,LEI,0,1,3,0,0,0,0,1
200,15.0,Mignolet,90,LIV,SUN,1,0,1,0,0,0,0,6
200,18.0,Mignolet,75,LIV,BUR,1,0,0,0,0,0,0,6
200,19.0,Mignolet,90,LIV,SWA,0,1,3,0,0,0,0,3
200,20.0,Mignolet,90,LIV,LEI,0,2,1,0,0,0,0,1
200,21.0,Mignolet,90,LIV,SUN,1,0,1,0,0,0,0,6
200,22.0,Mignolet,90,LIV,AVL,1,0,4,0,0,0,0,7
200,23.0,Mignolet,90,LIV,WHU,1,0,2,0,0,0,0,6
200,24.0,Mignolet,90,LIV,EVE,1,0,1,0,0,0,0,6
200,25.0,Mignolet,90,LIV,TOT,0,2,3,0,0,0,0,2
200,26.0,Mignolet,90,LIV,SOU,1,0,5,0,0,0,2,9
200,27.0,Mignolet,90,LIV,MCI,0,1,0,0,0,0,0,2
200,28.0,Mignolet,90,LIV,BUR,1,0,1,0,0,0,0,6
200,29.0,Mignolet,90,LIV,SWA,1,0,3,0,0,0,0,7
200,30.0,Mignolet,90,LIV,MUN,0,2,2,1,0,0,2,8
200,31.0,Mignolet,90,LIV,ARS,0,4,6,0,0,0,0,2
200,32.0,Mignolet,90,LIV,NEW,1,0,3,0,0,0,0,7
200,34.0,Mignolet,90,LIV,WBA,1,0,4,0,0,0,1,8
200,34.5,Mignolet,90,LIV,HUL,0,1,3,0,0,0,0,3
200,35.0,Mignolet,90,LIV,QPR,0,1,1,0,0,0,0,2
200,36.0,Mignolet,90,LIV,CHE,0,1,2,0,0,0,0,2
200,37.0,Mignolet,90,LIV,CRY,0,3,3,1,0,0,1,8
200,38.0,Mignolet,90,LIV,STK,0,6,3,0,0,0,0,0
231,1.0,Hart,90,MCI,NEW,1,0,0,0,0,0,0,6
231,2.0,Hart,90,MCI,LIV,0,1,3,0,0,0,0,3
231,3.0,Hart,90,MCI,STK,0,1,1,0,0,0,0,2
231,4.0,Hart,90,MCI,ARS,0,2,4,0,0,0,0,2
231,5.0,Hart,90,MCI,CHE,0,1,1,0,0,0,0,2
231,7.0,Hart,90,MCI,AVL,1,0,1,0,0,0,0,6
231,8.0,Hart,90,MCI,TOT,0,1,6,1,0,0,0,9
231,9.0,Hart,90,MCI,WHU,0,2,2,0,0,0,0,1
231,10.0,Hart,90,MCI,MUN,1,0,2,0,0,0,0,6
231,11.0,Hart,90,MCI,QPR,0,2,3,0,0,0,0,2
231,12.0,Hart,90,MCI,SWA,0,1,2,0,0,0,0,2
231,13.0,Hart,90,MCI,SOU,1,0,4,0,0,0,1,8
231,14.0,Hart,90,MCI,SUN,0,1,1,0,0,0,0,2
231,15.0,Hart,90,MCI,EVE,1,0,2,0,0,0,0,6
231,16.0,Hart,90,MCI,LEI,1,0,1,0,1,0,0,5
231,17.0,Hart,90,MCI,CRY,1,0,1,0,0,0,0,6
231,18.0,Hart,90,MCI,WBA,0,1,5,0,0,0,0,3
231,19.0,Hart,90,MCI,BUR,0,2,1,0,0,0,0,1
231,21.0,Hart,90,MCI,EVE,0,1,3,0,0,0,0,3
231,22.0,Hart,90,MCI,ARS,0,2,1,0,0,0,0,1
231,23.0,Hart,90,MCI,CHE,0,1,1,0,0,0,0,2
231,24.0,Hart,90,MCI,HUL,0,1,2,0,0,0,0,2
231,25.0,Hart,90,MCI,STK,0,1,3,0,0,0,0,3
231,26.0,Hart,90,MCI,NEW,1,0,1,0,0,0,0,6
231,27.0,Hart,90,MCI,LIV,0,2,3,0,0,0,0,2
231,28.0,Hart,90,MCI,LEI,1,0,2,0,0,0,0,6
231,29.0,Hart,90,MCI,BUR,0,1,3,0,0,0,0,3
231,30.0,Hart,90,MCI,WBA,1,0,0,0,0,0,0,6
231,31.0,Hart,90,MCI,CRY,0,2,1,0,0,0,0,1
231,32.0,Hart,90,MCI,MUN,0,4,3,0,0,0,0,1
231,33.0,Hart,90,MCI,WHU,1,0,3,0,0,0,0,7
231,34.0,Hart,90,MCI,AVL,0,2,2,0,0,0,0,1
231,35.0,Hart,90,MCI,TOT,1,0,5,0,0,0,2,9
231,36.0,Hart,90,MCI,QPR,1,0,3,0,0,0,0,7
231,37.0,Hart,90,MCI,SWA,0,2,7,0,0,0,0,3
231,38.0,Hart,90,MCI,SOU,1,0,4,0,0,0,0,7
232,6.0,Caballero,90,MCI,HUL,0,2,4,0,0,0,0,2
232,20.0,Caballero,90,MCI,SUN,0,2,2,0,0,0,0,1
257,1.0,De Gea,90,MUN,SWA,0,2,2,0,0,0,0,1
257,2.0,De Gea,90,MUN,SUN,0,1,2,0,0,0,0,2
257,3.0,De Gea,90,MUN,BUR,1,0,3,0,0,0,0,7
257,4.0,De Gea,90,MUN,QPR,1,0,1,0,0,0,0,6
257,5.0,De Gea,90,MUN,LEI,0,5,0,0,0,0,0,0
257,6.0,De Gea,90,MUN,WHU,0,1,3,0,0,0,0,3
257,7.0,De Gea,90,MUN,EVE,0,1,4,1,0,0,0,8
257,8.0,De Gea,90,MUN,WBA,0,2,0,0,0,0,0,1
257,9.0,De Gea,90,MUN,CHE,0,1,3,0,0,0,0,3
257,10.0,De Gea,90,MUN,MCI,0,1,5,0,0,0,0,3
257,11.0,De Gea,90,MUN,CRY,1,0,1,0,0,0,0,6
257,12.0,De Gea,90,MUN,ARS,0,1,8,0,0,0,0,4
257,13.0,De Gea,90,MUN,HUL,1,0,2,0,0,0,0,6
257,14.0,De Gea,90,MUN,STK,0,1,2,0,0,0,0,2
257,15.0,De Gea,90,MUN,SOU,0,1,3,0,0,0,0,3
257,16.0,de Gea,90,MUN,LIV,1,0,8,0,0,0,0,8
257,17.0,de Gea,90,MUN,AVL,0,1,3,0,0,0,0,3
257,18.0,de Gea,90,MUN,NEW,0,1,3,0,0,0,0,3
257,19.0,de Gea,90,MUN,TOT,1,0,4,0,0,0,2,9
257,20.0,de Gea,90,MUN,STK,0,1,1,0,0,0,0,2
257,21.0,de Gea,90,MUN,SOU,0,1,0,0,0,0,0,2
257,22.0,de Gea,90,MUN,QPR,1,0,4,0,0,0,0,7
257,23.0,de Gea,90,MUN,LEI,0,1,0,0,0,0,0,2
257,24.0,de Gea,90,MUN,WHU,0,1,5,0,0,0,0,3
257,25.0,de Gea,90,MUN,BUR,0,1,2,0,0,0,0,2
257,26.0,de Gea,90,MUN,SWA,0,2,3,0,0,0,0,2
257,27.0,de Gea,90,MUN,SUN,1,0,3,0,0,0,0,7
257,28.0,de Gea,90,MUN,NEW,1,0,2,0,0,0,0,6
257,29.0,de Gea,90,MUN,TOT,1,0,2,0,0,0,0,6
257,30.0,de Gea,90,MUN,LIV,0,1,0,0,0,0,0,2
257,31.0,de Gea,90,MUN,AVL,0,1,1,0,0,0,0,2
257,32.0,de Gea,90,MUN,MCI,0,2,1,0,0,0,0,1
257,33.0,de Gea,90,MUN,CHE,0,1,1,0,0,0,0,2
257,34.0,de Gea,90,MUN,EVE,0,3,4,0,0,0,0,2
257,35.0,de Gea,90,MUN,WBA,0,1,2,0,0,0,0,2
257,36.0,de Gea,90,MUN,CRY,0,1,3,0,0,0,0,3
257,37.0,de Gea,73,MUN,ARS,1,0,2,0,0,0,1,7
288,1.0,Krul,90,NEW,MCI,0,2,3,0,0,0,0,2
288,2.0,Krul,90,NEW,AVL,1,0,0,0,0,0,0,6
288,3.0,Krul,90,NEW,CRY,0,3,4,0,0,0,0,2
288,4.0,Krul,90,NEW,SOU,0,4,3,0,0,0,0,1
288,5.0,Krul,90,NEW,HUL,0,2,1,0,0,0,0,1
288,6.0,Krul,90,NEW,STK,0,1,2,0,0,0,0,2
288,7.0,Krul,90,NEW,SWA,0,2,3,0,0,0,0,2
288,8.0,Krul,90,NEW,LEI,1,0,2,0,0,0,0,6
288,9.0,Krul,90,NEW,TOT,0,1,1,0,1,0,0,1
288,10.0,Krul,90,NEW,LIV,1,0,3,0,0,0,1,8
288,11.0,Krul,90,NEW,WBA,1,0,2,0,0,0,0,6
288,12.0,Krul,90,NEW,QPR,1,0,4,0,0,0,2,9
288,21.0,Krul,90,NEW,CHE,0,2,2,0,0,0,0,1
288,22.0,Krul,90,NEW,SOU,0,2,1,0,0,0,0,1
288,23.0,Krul,90,NEW,HUL,1,0,7,0,0,0,1,9
288,24.0,Krul,90,NEW,STK,0,1,2,0,0,0,0,2
288,25.0,Krul,90,NEW,CRY,0,1,2,0,0,0,0,2
288,26.0,Krul,90,NEW,MCI,0,5,4,0,0,0,0,1
288,27.0,Krul,90,NEW,AVL,1,0,3,0,0,0,1,8
288,28.0,Krul,90,NEW,MUN,0,1,4,0,0,0,0,3
288,29.0,Krul,90,NEW,EVE,0,3,5,0,0,0,0,2
288,30.0,Krul,90,NEW,ARS,0,2,1,0,0,0,0,1
288,31.0,Krul,90,NEW,SUN,0,1,3,0,0,0,0,3
288,32.0,Krul,90,NEW,LIV,0,2,4,0,0,0,0,2
288,33.0,Krul,90,NEW,TOT,0,3,5,0,0,0,0,2
288,34.0,Krul,90,NEW,SWA,0,3,3,0,0,0,0,2
288,35.0,Krul,90,NEW,LEI,0,3,4,0,0,0,0,2
288,36.0,Krul,90,NEW,WBA,0,1,2,0,0,0,0,2
288,37.0,Krul,90,NEW,QPR,0,2,2,0,0,0,0,4
288,38.0,Krul,90,NEW,WHU,1,0,1,0,0,0,0,6
289,13.0,Elliot,90,NEW,WHU,0,1,2,0,0,0,0,2
289,14.0,Elliot,90,NEW,BUR,0,1,1,0,0,0,0,2
289,15.0,Elliot,45,NEW,CHE,0,0,2,0,0,0,0,1
318,1.0,Green,90,QPR,HUL,0,1,3,0,0,0,0,3
318,2.0,Green,90,QPR,TOT,0,4,1,0,0,0,0,0
318,3.0,Green,90,QPR,SUN,1,0,6,0,0,0,1,9
318,4.0,Green,90,QPR,MUN,0,4,5,0,0,0,0,1
318,5.0,Green,90,QPR,STK,0,2,2,0,0,0,0,1
318,6.0,Green,90,QPR,SOU,0,2,7,0,0,0,0,3
318,7.0,Green,90,QPR,WHU,0,2,2,0,0,0,0,1
318,9.0,Green,90,QPR,AVL,1,0,6,0,0,0,1,9
318,10.0,Green,90,QPR,CHE,0,2,6,0,0,0,0,3
318,11.0,Green,90,QPR,MCI,0,2,2,0,0,0,0,1
318,12.0,Green,90,QPR,NEW,0,1,5,0,0,0,0,3
318,13.0,Green,90,QPR,LEI,0,2,2,0,1,0,0,0
318,14.0,Green,90,QPR,SWA,0,2,5,0,0,0,0,2
318,15.0,Green,90,QPR,BUR,1,0,3,0,0,0,0,7
318,16.0,Green,90,QPR,EVE,0,3,2,0,0,0,0,1
318,17.0,Green,90,QPR,WBA,0,2,4,0,0,0,0,2
318,18.0,Green,90,QPR,ARS,0,2,3,1,0,0,0,7
318,19.0,Green,90,QPR,CRY,1,0,3,0,0,0,3,10
318,20.0,Green,90,QPR,SWA,0,1,4,0,0,0,0,3
318,21.0,Green,90,QPR,BUR,0,2,5,0,0,0,0,2
318,22.0,Green,90,QPR,MUN,0,2,5,0,0,0,0,2
318,23.0,Green,90,QPR,STK,0,3,0,0,0,0,0,1
318,24.0,Green,90,QPR,SOU,0,1,4,0,0,0,0,3
318,25.0,Green,90,QPR,SUN,1,0,5,0,0,0,0,7
318,26.0,Green,90,QPR,HUL,0,2,4,0,0,0,0,2
318,28.0,Green,90,QPR,ARS,0,2,7,0,0,0,0,3
318,28.5,Green,90,QPR,TOT,0,2,3,0,0,0,0,2
318,29.0,Green,90,QPR,CRY,0,3,1,0,0,0,0,1
318,30.0,Green,90,QPR,EVE,0,2,1,0,0,0,0,1
318,31.0,Green,90,QPR,WBA,0,1,5,0,0,0,0,3
318,31.5,Green,90,QPR,AVL,0,3,4,0,0,0,0,2
318,32.0,Green,90,QPR,CHE,0,1,0,0,0,0,0,2
318,34.0,Green,90,QPR,WHU,1,0,2,0,0,0,0,6
318,35.0,Green,90,QPR,LIV,0,2,6,1,0,0,2,10
318,36.0,Green,90,QPR,MCI,0,6,5,0,0,0,0,0
318,37.0,Green,33,QPR,NEW,0,1,1,0,0,0,0,1
338,36.0,Gazzaniga,90,SOU,LEI,0,2,1,0,0,0,0,1
338,37.0,Gazzaniga,90,SOU,AVL,0,1,3,0,0,0,0,3
364,1.0,Lloris,90,TOT,WHU,1,0,4,0,0,0,0,7
364,2.0,Lloris,90,TOT,QPR,1,0,1,0,0,0,0,6
364,3.0,Lloris,90,TOT,LIV,0,3,5,0,0,0,0,2
364,4.0,Lloris,90,TOT,SUN,0,2,0,0,0,0,0,1
364,5.0,Lloris,90,TOT,WBA,0,1,3,0,0,0,0,3
364,6.0,Lloris,90,TOT,ARS,0,1,5,0,0,0,0,3
364,7.0,Lloris,90,TOT,SOU,1,0,3,0,0,0,2,9
364,8.0,Lloris,90,TOT,MCI,0,4,8,1,0,0,1,8
364,9.0,Lloris,90,TOT,NEW,0,2,0,0,0,0,0,1
364,10.0,Lloris,90,TOT,AVL,0,1,0,0,0,0,0,2
364,11.0,Lloris,90,TOT,STK,0,2,2,0,0,0,0,1
364,12.0,Lloris,90,TOT,HUL,0,1,1,0,0,0,0,2
364,13.0,Lloris,90,TOT,EVE,0,1,4,0,0,0,0,3
364,14.0,Lloris,90,TOT,CHE,0,3,5,0,0,0,0,2
364,15.0,Lloris,90,TOT,CRY,1,0,4,0,0,0,0,7
364,16.0,Lloris,90,TOT,SWA,0,1,2,0,0,0,0,2
364,17.0,Lloris,90,TOT,BUR,0,1,4,0,0,0,0,3
364,18.0,Lloris,90,TOT,LEI,0,1,5,0,0,0,0,3
364,19.0,Lloris,90,TOT,MUN,1,0,5,0,0,0,3,10
364,20.0,Lloris,90,TOT,CHE,0,3,4,0,0,0,0,2
364,21.0,Lloris,90,TOT,CRY,0,2,5,0,0,0,0,2
364,22.0,Lloris,90,TOT,SUN,0,1,3,0,0,0,0,3
364,23.0,Lloris,90,TOT,WBA,1,0,4,0,0,0,0,7
364,24.0,Lloris,90,TOT,ARS,0,1,2,0,0,0,0,2
364,25.0,Lloris,90,TOT,LIV,0,3,4,0,0,0,0,2
364,26.0,Lloris,90,TOT,WHU,0,2,3,0,0,0,0,2
364,28.0,Lloris,90,TOT,SWA,0,2,3,0,0,0,0,2
364,28.5,Lloris,90,TOT,QPR,0,1,5,0,0,0,0,3
364,29.0,Lloris,90,TOT,MUN,0,3,0,0,0,0,0,1
364,30.0,Lloris,3,TOT,LEI,0,0,0,0,0,0,0,1
364,34.0,Lloris,90,TOT,SOU,0,2,2,0,0,0,0,1
364,35.0,Lloris,90,TOT,MCI,0,1,3,0,0,0,0,3
364,36.0,Lloris,90,TOT,STK,0,3,6,0,0,0,0,3
364,37.0,Lloris,90,TOT,HUL,1,0,1,0,0,0,0,6
364,38.0,Lloris,90,TOT,EVE,1,0,1,0,0,0,0,6
395,1.0,Begovic,90,STK,AVL,0,1,1,0,0,0,0,2
395,2.0,Begovic,90,STK,HUL,0,1,1,0,0,0,0,2
395,3.0,Begovic,90,STK,MCI,1,0,2,0,0,0,0,6
395,4.0,Begovic,90,STK,LEI,0,1,0,0,0,0,0,2
395,5.0,Begovic,90,STK,QPR,0,2,3,0,0,0,0,2
395,6.0,Begovic,90,STK,NEW,1,0,1,0,0,0,1,7
395,7.0,Begovic,90,STK,SUN,0,3,0,0,0,0,0,1
395,8.0,Begovic,90,STK,SWA,0,1,3,0,0,0,0,3
395,9.0,Begovic,90,STK,SOU,0,1,1,0,0,0,0,2
395,10.0,Begovic,90,STK,WHU,0,2,0,0,0,0,0,1
395,11.0,Begovic,90,STK,TOT,0,1,3,0,1,0,0,2
395,12.0,Begovic,90,STK,BUR,0,2,2,0,0,0,0,1
395,13.0,Begovic,90,STK,LIV,0,1,2,0,0,0,0,2
395,14.0,Begovic,90,STK,MUN,0,2,1,0,0,0,0,1
395,15.0,Begovic,90,STK,ARS,0,2,4,0,0,0,0,2
395,16.0,Begovic,90,STK,CRY,0,1,3,0,0,0,0,3
395,17.0,Begovic,90,STK,CHE,0,2,4,0,0,0,0,2
395,18.0,Begovic,90,STK,EVE,1,0,4,0,0,0,1,8
395,19.0,Begovic,90,STK,WBA,1,0,4,0,0,0,1,8
395,20.0,Begovic,90,STK,MUN,0,1,1,0,0,0,0,2
395,21.0,Begovic,90,STK,ARS,0,3,3,0,0,0,0,2
395,22.0,Begovic,90,STK,LEI,1,0,3,0,0,0,0,7
395,23.0,Begovic,90,STK,QPR,0,1,3,0,0,0,0,3
395,24.0,Begovic,90,STK,NEW,0,1,2,0,0,0,0,2
395,25.0,Begovic,90,STK,MCI,0,4,4,0,0,0,0,1
395,26.0,Begovic,90,STK,AVL,0,1,1,0,0,0,0,2
395,27.0,Begovic,90,STK,HUL,1,0,0,0,0,0,0,6
395,28.0,Begovic,90,STK,EVE,1,0,5,0,1,0,0,6
395,29.0,Begovic,90,STK,WBA,0,1,4,0,0,0,0,3
395,30.0,Begovic,90,STK,CRY,0,2,1,0,1,0,0,0
395,31.0,Begovic,90,STK,CHE,0,2,9,0,0,0,0,4
395,32.0,Begovic,90,STK,WHU,0,1,2,0,0,0,0,2
395,33.0,Begovic,90,STK,SOU,0,1,3,0,0,0,0,3
395,34.0,Begovic,90,STK,SUN,0,1,4,0,0,0,0,3
395,38.0,Begovic,90,STK,LIV,0,1,3,0,0,0,0,3
422,1.0,Mannone,90,SUN,WBA,0,2,3,0,0,0,0,2
422,2.0,Mannone,90,SUN,MUN,0,1,2,0,0,0,0,2
422,3.0,Mannone,90,SUN,QPR,0,1,3,0,0,0,0,3
422,4.0,Mannone,90,SUN,TOT,0,2,4,0,0,0,0,2
422,5.0,Mannone,90,SUN,BUR,1,0,6,0,0,0,2,10
422,6.0,Mannone,90,SUN,SWA,1,0,1,0,0,0,0,6
422,7.0,Mannone,90,SUN,STK,0,1,4,0,0,0,0,3
422,8.0,Mannone,90,SUN,SOU,0,8,4,0,0,0,0,-1
422,9.0,Mannone,90,SUN,ARS,0,2,3,0,0,0,0,2
422,38.0,Mannone,90,SUN,CHE,0,3,5,0,0,0,0,2
423,10.0,Pantilimon,90,SUN,CRY,0,1,1,0,1,0,0,1
423,11.0,Pantilimon,90,SUN,EVE,0,1,6,0,0,0,0,4
423,12.0,Pantilimon,90,SUN,LEI,1,0,4,0,0,0,2,9
423,13.0,Pantilimon,90,SUN,CHE,1,0,6,0,0,0,2,10
423,14.0,Pantilimon,90,SUN,MCI,0,4,0,0,0,0,0,0
423,15.0,Pantilimon,90,SUN,LIV,1,0,2,0,0,0,0,6
423,16.0,Pantilimon,90,SUN,WHU,0,1,7,0,0,0,0,4
423,17.0,Pantilimon,90,SUN,NEW,1,0,7,0,0,0,2,10
423,18.0,Pantilimon,90,SUN,HUL,0,3,2,0,0,0,0,1
423,19.0,Pantilimon,90,SUN,AVL,1,0,4,0,0,0,0,7
423,20.0,Pantilimon,90,SUN,MCI,0,3,9,0,0,0,0,4
423,21.0,Pantilimon,90,SUN,LIV,0,1,3,0,0,0,0,3
423,22.0,Pantilimon,90,SUN,TOT,0,2,6,0,0,0,0,3
423,23.0,Pantilimon,90,SUN,BUR,1,0,4,0,1,0,0,6
423,24.0,Pantilimon,90,SUN,SWA,0,1,6,0,0,0,0,4
423,25.0,Pantilimon,90,SUN,QPR,0,2,2,0,0,0,0,1
423,26.0,Pantilimon,90,SUN,WBA,1,0,1,0,0,0,0,6
423,27.0,Pantilimon,90,SUN,MUN,0,2,7,0,0,0,0,3
423,28.0,Pantilimon,90,SUN,HUL,0,1,5,0,0,0,0,3
423,29.0,Pantilimon,90,SUN,AVL,0,4,4,0,0,0,0,1
423,30.0,Pantilimon,90,SUN,WHU,0,1,3,0,0,0,0,3
423,31.0,Pantilimon,90,SUN,NEW,1,0,1,0,0,0,0,6
423,32.0,Pantilimon,90,SUN,CRY,0,4,1,0,0,0,0,0
423,34.0,Pantilimon,90,SUN,STK,0,1,7,0,0,0,0,4
423,35.0,Pantilimon,90,SUN,SOU,0,1,1,0,0,0,0,2
423,36.0,Pantilimon,90,SUN,EVE,1,0,4,0,0,0,1,8
423,37.0,Pantilimon,90,SUN,LEI,1,0,0,0,0,0,0,6
423,37.5,Pantilimon,90,SUN,ARS,1,0,8,0,0,0,0,8
447,30.0,Vorm,87,TOT,LEI,0,3,2,0,0,0,0,1
447,31.0,Vorm,90,TOT,BUR,1,0,4,0,0,0,1,8
447,32.0,Vorm,90,TOT,AVL,0,1,2,0,0,0,0,2
447,33.0,Vorm,90,TOT,NEW,0,1,4,0,0,0,0,3
448,1.0,Fabianski,90,SWA,MUN,0,1,4,0,0,0,0,3
448,2.0,Fabianski,90,SWA,BUR,1,0,1,0,0,0,0,6
448,3.0,Fabianski,90,SWA,WBA,1,0,2,0,0,0,0,6
448,4.0,Fabianski,90,SWA,CHE,0,4,5,0,0,0,0,1
448,5.0,Fabianski,90,SWA,SOU,0,1,3,0,0,0,0,3
448,6.0,Fabianski,90,SWA,SUN,1,0,3,0,0,0,0,7
448,7.0,Fabianski,90,SWA,NEW,0,2,2,0,0,0,0,1
448,8.0,Fabianski,90,SWA,STK,0,2,1,0,0,0,0,1
448,9.0,Fabianski,90,SWA,LEI,1,0,4,0,0,0,0,7
448,10.0,Fabianski,90,SWA,EVE,1,0,3,0,0,0,0,7
448,11.0,Fabianski,90,SWA,ARS,0,1,3,0,0,0,0,3
448,12.0,Fabianski,90,SWA,MCI,0,2,8,0,0,0,0,3
448,13.0,Fabianski,90,SWA,CRY,0,1,4,0,0,0,0,3
448,14.0,Fabianski,90,SWA,QPR,1,0,1,0,0,0,0,6
448,15.0,Fabianski,67,SWA,WHU,0,3,2,0,0,1,0,-2
448,17.0,Fabianski,90,SWA,HUL,1,0,3,0,0,0,1,8
448,18.0,Fabianski,90,SWA,AVL,1,0,3,0,0,0,0,7
448,19.0,Fabianski,90,SWA,LIV,0,4,8,0,0,0,0,2
448,20.0,Fabianski,90,SWA,QPR,0,1,5,0,0,0,0,3
448,21.0,Fabianski,90,SWA,WHU,0,1,3,0,0,0,0,3
448,22.0,Fabianski,90,SWA,CHE,0,5,6,0,0,0,0,2
448,23.0,Fabianski,90,SWA,SOU,1,0,4,0,0,0,2,9
448,24.0,Fabianski,90,SWA,SUN,0,1,0,0,0,0,0,2
448,25.0,Fabianski,90,SWA,WBA,0,2,2,0,0,0,0,1
448,26.0,Fabianski,90,SWA,MUN,0,1,2,0,0,0,0,2
448,27.0,Fabianski,90,SWA,BUR,1,0,6,0,0,0,3,11
448,28.0,Fabianski,90,SWA,TOT,0,3,4,0,0,0,0,2
448,29.0,Fabianski,90,SWA,LIV,0,1,4,0,0,0,0,3
448,30.0,Fabianski,90,SWA,AVL,1,0,3,0,0,0,0,7
448,31.0,Fabianski,90,SWA,HUL,0,1,0,0,0,0,0,2
448,32.0,Fabianski,90,SWA,EVE,0,1,7,0,0,0,0,4
448,33.0,Fabianski,90,SWA,LEI,0,2,4,0,0,0,0,2
448,34.0,Fabianski,90,SWA,NEW,0,2,2,0,0,0,0,1
448,35.0,Fabianski,90,SWA,STK,1,0,3,0,0,0,0,7
448,36.0,Fabianski,90,SWA,ARS,1,0,9,0,0,0,3,12
448,37.0,Fabianski,90,SWA,MCI,0,4,7,0,0,0,0,2
448,38.0,Fabianski,90,SWA,CRY,0,1,6,0,0,0,0,4
476,8.0,Myhill,90,WBA,MUN,0,2,5,0,0,0,0,2
476,29.0,Myhill,35,WBA,STK,0,0,2,0,1,0,0,0
476,30.0,Myhill,90,WBA,MCI,0,3,13,0,0,0,0,5
476,31.0,Myhill,90,WBA,QPR,0,4,3,0,0,0,0,1
476,32.0,Myhill,90,WBA,LEI,0,3,1,0,0,0,0,1
476,33.0,Myhill,90,WBA,CRY,1,0,4,0,0,0,1,8
476,34.0,Myhill,90,WBA,LIV,1,0,5,0,0,0,2,9
476,35.0,Myhill,90,WBA,MUN,1,0,9,1,0,0,3,17
476,36.0,Myhill,90,WBA,NEW,0,1,3,0,0,0,0,3
476,37.0,Myhill,90,WBA,CHE,1,0,3,0,0,0,0,7
476,38.0,Myhill,90,WBA,ARS,0,4,9,0,0,0,0,3
477,1.0,Foster,90,WBA,SUN,0,2,0,0,0,0,0,1
477,2.0,Foster,90,WBA,SOU,1,0,2,0,0,0,0,6
477,3.0,Foster,90,WBA,SWA,0,3,4,0,0,0,0,2
477,4.0,Foster,90,WBA,EVE,0,2,2,0,0,0,0,1
477,5.0,Foster,90,WBA,TOT,1,0,1,0,1,0,0,5
477,6.0,Foster,90,WBA,BUR,1,0,2,0,0,0,0,6
477,7.0,Foster,90,WBA,LIV,0,2,5,0,0,0,0,2
477,9.0,Foster,90,WBA,CRY,0,2,4,0,0,0,0,2
477,10.0,Foster,90,WBA,LEI,1,0,5,0,0,0,3,10
477,11.0,Foster,90,WBA,NEW,0,2,1,0,0,0,0,1
477,12.0,Foster,90,WBA,CHE,0,2,6,0,0,0,0,3
477,13.0,Foster,90,WBA,ARS,0,1,4,0,0,0,0,3
477,14.0,Foster,90,WBA,WHU,0,2,4,0,0,0,0,2
477,15.0,Foster,90,WBA,HUL,1,0,2,0,0,0,0,6
477,16.0,Foster,90,WBA,AVL,1,0,2,0,0,0,0,6
477,17.0,Foster,90,WBA,QPR,0,3,4,0,0,0,0,2
477,18.0,Foster,90,WBA,MCI,0,3,2,0,0,0,0,1
477,19.0,Foster,90,WBA,STK,0,2,1,0,0,0,0,1
477,20.0,Foster,90,WBA,WHU,0,1,2,0,0,0,0,2
477,21.0,Foster,90,WBA,HUL,1,0,2,0,0,0,0,6
477,22.0,Foster,90,WBA,EVE,1,0,4,0,0,0,0,7
477,23.0,Foster,90,WBA,TOT,0,3,1,0,0,0,0,1
477,24.0,Foster,90,WBA,BUR,0,2,2,0,0,0,0,1
477,25.0,Foster,90,WBA,SWA,1,0,3,0,0,0,0,7
477,26.0,Foster,90,WBA,SUN,1,0,2,0,0,0,0,6
477,27.0,Foster,90,WBA,SOU,1,0,2,0,1,0,0,5
477,28.0,Foster,90,WBA,AVL,0,2,5,0,0,0,0,2
477,29.0,Foster,55,WBA,STK,0,0,0,0,0,0,0,1
497,25.0,Jääskeläinen,28,WHU,SOU,0,0,4,0,0,0,0,2
498,1.0,Adrián,90,WHU,TOT,0,1,4,0,0,0,0,3
498,2.0,Adrián,90,WHU,CRY,0,1,3,0,0,0,0,3
498,3.0,Adrián,90,WHU,SOU,0,3,4,0,0,0,0,2
498,4.0,Adrián,90,WHU,HUL,0,2,4,0,0,0,0,2
498,5.0,Adrián,90,WHU,LIV,0,1,5,0,1,0,0,2
498,6.0,Adrián,90,WHU,MUN,0,2,1,0,1,0,0,0
498,7.0,Adrián,90,WHU,QPR,1,0,3,0,0,0,0,7
498,8.0,Adrián,90,WHU,BUR,0,1,2,0,0,0,0,2
498,9.0,Adrián,90,WHU,MCI,0,1,4,0,0,0,0,3
498,10.0,Adrián,90,WHU,STK,0,2,4,0,0,0,0,2
498,11.0,Adrián,90,WHU,AVL,1,0,4,0,0,0,0,7
498,12.0,Adrián,90,WHU,EVE,0,2,2,0,0,0,0,1
498,13.0,Adrián,90,WHU,NEW,1,0,1,0,0,0,0,6
498,14.0,Adrián,90,WHU,WBA,0,1,4,0,0,0,0,3
498,15.0,Adrián,90,WHU,SWA,0,1,1,0,0,0,0,2
498,16.0,Adrián,90,WHU,SUN,0,1,3,0,0,0,0,3
498,17.0,Adrián,90,WHU,LEI,1,0,4,0,0,0,0,7
498,18.0,Adrián,90,WHU,CHE,0,2,7,0,0,0,0,3
498,19.0,Adrián,90,WHU,ARS,0,2,5,0,0,0,0,2
498,20.0,Adrián,90,WHU,WBA,0,1,2,0,0,0,0,2
498,21.0,Adrián,90,WHU,SWA,0,1,3,0,0,0,0,3
498,22.0,Adrián,90,WHU,HUL,1,0,3,0,0,0,0,7
498,23.0,Adrián,90,WHU,LIV,0,2,5,0,0,0,0,2
498,24.0,Adrián,90,WHU,MUN,0,1,5,0,1,0,0,2
498,25.0,Adrián,60,WHU,SOU,1,0,3,0,0,1,0,4
498,26.0,Adrián,90,WHU,TOT,0,2,6,1,0,0,2,10
498,27.0,Adrián,90,WHU,CRY,0,3,2,0,0,0,0,1
498,28.0,Adrián,90,WHU,CHE,0,1,1,0,0,0,0,2
498,29.0,Adrián,90,WHU,ARS,0,3,6,0,0,0,0,3
498,30.0,Adrián,90,WHU,SUN,1,0,3,0,0,0,0,7
498,31.0,Adrián,90,WHU,LEI,0,2,4,1,0,0,1,8
498,32.0,Adrián,90,WHU,STK,0,1,1,0,0,0,0,2
498,33.0,Adrián,90,WHU,MCI,0,2,2,0,0,0,0,1
498,34.0,Adrián,90,WHU,QPR,1,0,7,1,0,0,3,16
498,35.0,Adrián,90,WHU,BUR,1,0,2,0,0,0,0,6
498,36.0,Adrián,90,WHU,AVL,0,1,4,0,0,0,0,3
498,37.0,Adrián,90,WHU,EVE,0,2,3,0,0,0,0,2
498,38.0,Adrián,90,WHU,NEW,0,2,2,0,0,0,0,1
535,15.0,Tremmel,20,SWA,WHU,0,1,2,0,0,0,0,1
535,16.0,Tremmel,90,SWA,TOT,0,2,2,0,0,0,0,1
543,21.0,Ospina,90,ARS,STK,1,0,2,0,0,0,0,6
543,22.0,Ospina,90,ARS,MCI,1,0,4,0,0,0,0,7
543,23.0,Ospina,90,ARS,AVL,1,0,2,0,0,0,0,6
543,24.0,Ospina,90,ARS,TOT,0,2,7,0,0,0,0,3
543,25.0,Ospina,90,ARS,LEI,0,1,3,0,0,0,0,3
543,26.0,Ospina,90,ARS,CRY,0,1,2,0,0,0,0,2
543,27.0,Ospina,90,ARS,EVE,1,0,2,0,0,0,0,6
543,28.0,Ospina,90,ARS,QPR,0,1,2,0,0,0,0,2
543,29.0,Ospina,90,ARS,WHU,1,0,1,0,0,0,0,6
543,30.0,Ospina,90,ARS,NEW,0,1,3,0,0,0,0,3
543,31.0,Ospina,90,ARS,LIV,0,1,1,0,0,0,0,2
543,32.0,Ospina,90,ARS,BUR,1,0,4,0,0,0,0,7
543,34.0,Ospina,90,ARS,CHE,1,0,2,0,0,0,0,6
543,35.0,Ospina,90,ARS,HUL,0,1,0,0,0,0,0,2
543,36.0,Ospina,90,ARS,SWA,0,1,2,0,0,0,0,2
543,37.0,Ospina,90,ARS,MUN,0,1,3,0,0,0,0,3
543,37.5,Ospina,90,ARS,SUN,1,0,3,0,0,0,0,7
543,38.0,Ospina,90,ARS,WBA,0,1,4,0,0,0,0,3
555,16.0,Jones,90,LIV,MUN,0,3,3,0,0,0,0,2
555,17.0,Jones,90,LIV,ARS,0,2,1,0,0,0,0,1
555,18.0,Jones,15,LIV,BUR,0,0,0,0,0,0,0,1
560,1.0,Forster,90,SOU,LIV,0,2,3,0,0,0,0,2
560,2.0,Forster,90,SOU,WBA,1,0,2,0,0,0,0,6
560,3.0,Forster,90,SOU,WHU,0,1,1,0,0,0,0,2
560,4.0,Forster,90,SOU,NEW,1,0,4,0,0,0,0,7
560,5.0,Forster,90,SOU,SWA,1,0,1,0,0,0,0,6
560,6.0,Forster,90,SOU,QPR,0,1,1,0,0,0,0,2
560,7.0,Forster,90,SOU,TOT,0,1,2,0,0,0,0,2
560,8.0,Forster,90,SOU,SUN,1,0,2,0,0,0,0,6
560,9.0,Forster,90,SOU,STK,1,0,1,0,0,0,0,6
560,10.0,Forster,90,SOU,HUL,1,0,1,0,0,0,0,6
560,11.0,Forster,90,SOU,LEI,1,0,0,0,0,0,0,6
560,12.0,Forster,90,SOU,AVL,0,1,0,0,0,0,0,2
560,13.0,Forster,90,SOU,MCI,0,3,2,0,0,0,0,1
560,14.0,Forster,90,SOU,ARS,0,1,7,0,0,0,0,4
560,15.0,Forster,90,SOU,MUN,0,2,0,0,0,0,0,1
560,16.0,Forster,90,SOU,BUR,0,1,2,0,0,0,0,2
560,17.0,Forster,90,SOU,EVE,1,0,4,0,0,0,0,7
560,18.0,Forster,90,SOU,CRY,0,1,3,0,0,0,0,3
560,19.0,Forster,90,SOU,CHE,0,1,0,0,0,0,0,2
560,20.0,Forster,90,SOU,ARS,1,0,6,0,0,0,0,8
560,21.0,Forster,90,SOU,MUN,1,0,0,0,0,0,0,6
560,22.0,Forster,90,SOU,NEW,0,1,2,0,0,0,0,2
560,23.0,Forster,90,SOU,SWA,0,1,0,0,0,0,0,2
560,24.0,Forster,90,SOU,QPR,1,0,3,0,1,0,0,6
560,25.0,Forster,90,SOU,WHU,1,0,1,0,0,0,0,6
560,26.0,Forster,90,SOU,LIV,0,2,2,0,0,0,0,1
560,27.0,Forster,90,SOU,WBA,0,1,2,0,0,0,0,2
560,28.0,Forster,90,SOU,CRY,1,0,3,0,0,0,0,7
560,29.0,Forster,90,SOU,CHE,0,1,6,0,0,0,0,4
560,30.0,Forster,13,SOU,BUR,0,0,0,0,0,0,0,1
572,12.0,Martinez,32,ARS,MUN,0,1,1,0,0,0,0,1
572,13.0,Martinez,90,ARS,WBA,1,0,1,0,0,0,0,6
572,14.0,Martinez,90,ARS,SOU,1,0,1,0,0,0,0,6
572,15.0,Martinez,90,ARS,STK,0,3,1,0,0,0,0,1
577,30.0,Davis K,77,SOU,BUR,1,0,3,0,0,0,0,7
577,31.0,Davis K,90,SOU,EVE,0,1,0,0,0,0,0,2
577,32.0,Davis K,90,SOU,HUL,1,0,3,0,0,0,0,7
577,33.0,Davis K,90,SOU,STK,0,2,0,0,0,0,0,1
577,34.0,Davis K,90,SOU,TOT,0,2,0,0,0,0,0,1
577,35.0,Davis K,90,SOU,SUN,0,2,4,0,0,0,0,2
577,38.0,Davis K,90,SOU,MCI,0,2,4,0,0,0,0,2
607,8.0,McCarthy,90,QPR,LIV,0,3,4,0,0,0,0,2
607,37.0,McCarthy,57,QPR,NEW,0,0,5,0,0,0,0,2
607,38.0,McCarthy,90,QPR,LEI,0,5,2,0,0,0,0,0
618,8.0,Jakupovic,48,HUL,ARS,0,1,3,0,0,0,0,2
618,9.0,Jakupovic,90,HUL,LIV,1,0,3,0,0,0,0,7
618,10.0,Jakupovic,90,HUL,SOU,0,1,2,0,0,0,0,2
632,35.0,Butland,90,STK,SWA,0,2,2,0,0,0,0,1
632,36.0,Butland,90,STK,TOT,1,0,5,0,0,0,0,7
632,37.0,Butland,90,STK,BUR,1,0,4,0,0,0,0,7
636,15.0,Alnwick,45,NEW,CHE,0,1,5,0,0,0,0,2
636,16.0,Alnwick,90,NEW,ARS,0,4,0,0,0,0,0,0
636,17.0,Alnwick,90,NEW,SUN,0,1,2,0,0,0,0,2
636,18.0,Alnwick,90,NEW,MUN,0,3,1,0,0,0,0,1
636,19.0,Alnwick,90,NEW,EVE,0,2,0,0,0,0,0,1
636,20.0,Alnwick,90,NEW,BUR,0,3,2,0,0,0,0,1
644,23.0,Schwarzer,90,LEI,MUN,0,3,3,0,0,0,0,2
644,24.0,Schwarzer,90,LEI,CRY,0,1,1,0,0,0,0,2
644,25.0,Schwarzer,90,LEI,ARS,0,2,5,0,0,0,0,2
644,26.0,Schwarzer,90,LEI,EVE,0,2,2,0,0,0,0,1
644,28.0,Schwarzer,90,LEI,MCI,0,2,7,0,0,0,0,3
644,29.0,Schwarzer,90,LEI,HUL,1,0,5,0,0,0,2,9
654,37.0,Valdés,17,MUN,ARS,0,1,1,0,0,0,0,1
654,38.0,Valdés,90,MUN,HUL,1,0,6,0,0,0,2,10
704,38.0,Steer,90,AVL,BUR,0,1,2,0,0,0,0,2
