playerId,gameweek,name,minutes-played,team,opponent,goals-scored,assists,yellow-cards,red-cards,bonus,total
472,1,Bony,76,SWA,MUN,0,0,0,0,0,2
474,1,Gomis,14,SWA,MUN,0,0,0,0,0,1
103,1,Lukaku,90,EVE,LEI,0,0,0,0,0,2
152,1,Naismith,90,EVE,LEI,1,0,0,0,3,9
174,1,Jelavic,90,HUL,QPR,0,0,1,0,0,1
52,1,Agbonlahor,90,AVL,STK,0,0,1,0,0,1
53,1,Weimann,81,AVL,STK,1,0,0,0,3,9
440,1,Wickham,90,SUN,WBA,0,0,0,0,0,2
441,1,Fletcher,90,SUN,WBA,0,0,0,0,0,2
444,1,Altidore,10,SUN,WBA,0,0,0,0,0,1
392,1,Adebayor,82,TOT,WHU,0,0,0,0,0,2
393,1,Kane,8,TOT,WHU,0,1,0,0,0,4
127,1,Gayle,6,CRY,ARS,0,0,0,0,0,1
129,1,Chamakh,90,CRY,ARS,0,0,1,0,0,1
536,1,Campbell,84,CRY,ARS,0,0,0,0,0,2
283,1,Hernández,45,MUN,SWA,0,0,0,0,0,1
284,1,Rooney,90,MUN,SWA,1,0,0,0,1,7
195,1,Nugent,90,LEI,EVE,0,0,0,0,0,2
197,1,Wood,13,LEI,EVE,1,0,0,0,0,5
532,1,Ulloa,77,LEI,EVE,1,0,0,0,0,6
335,1,Remy,90,QPR,HUL,0,0,0,0,0,2
336,1,Zamora,13,QPR,HUL,0,0,0,0,0,1
337,1,Austin,90,QPR,HUL,0,0,0,0,0,0
419,1,Crouch,20,STK,AVL,0,0,0,0,0,1
421,1,Diouf,70,STK,AVL,0,0,0,0,0,2
533,1,Bojan,90,STK,AVL,0,0,0,0,0,2
495,1,Anichebe,90,WBA,SUN,0,1,0,0,0,5
496,1,Berahino,90,WBA,SUN,2,0,0,0,3,13
517,1,Vaz Te,67,WHU,TOT,0,0,0,0,0,2
520,1,Cole,80,WHU,TOT,0,0,0,0,0,2
530,1,Valencia,10,WHU,TOT,0,0,0,0,0,1
25,1,Giroud,29,ARS,CRY,0,0,0,0,0,1
26,1,Sanogo,61,ARS,CRY,0,0,0,0,0,2
176,1,Long,17,SOU,LIV,0,0,0,0,0,1
362,1,Pellè,90,SOU,LIV,0,0,0,0,0,2
253,1,Dzeko,82,MCI,NEW,0,1,0,0,0,5
254,1,Agüero,8,MCI,NEW,1,0,0,0,1,6
256,1,Jovetic,72,MCI,NEW,0,0,0,0,0,2
522,1,Costa,90,CHE,BUR,1,0,1,0,1,6
542,1,Drogba,7,CHE,BUR,0,0,0,0,0,1
73,1,Ings,81,BUR,CHE,0,0,0,0,0,2
75,1,Barnes,21,BUR,CHE,0,0,0,0,0,1
76,1,Sordell,9,BUR,CHE,0,0,1,0,0,0
523,1,Jutkiewicz,69,BUR,CHE,0,0,0,0,0,2
227,1,Sturridge,90,LIV,SOU,1,0,0,0,0,6
229,1,Lambert,15,LIV,SOU,0,0,0,0,0,1
317,1,Ayoze,8,NEW,MCI,0,0,0,0,0,1
526,1,Rivière,82,NEW,MCI,0,0,0,0,0,2
317,2,Ayoze,15,NEW,AVL,0,0,0,0,0,1
526,2,Rivière,76,NEW,AVL,0,0,0,0,0,2
195,2,Nugent,90,LEI,CHE,0,0,0,0,0,2
197,2,Wood,7,LEI,CHE,0,0,0,0,0,1
532,2,Ulloa,83,LEI,CHE,0,0,0,0,0,2
517,2,Vaz Te,90,WHU,CRY,0,0,0,0,0,2
520,2,Cole,67,WHU,CRY,1,0,0,0,0,6
521,2,Zárate,82,WHU,CRY,1,0,0,0,1,7
570,2,Sakho,23,WHU,CRY,0,0,0,0,0,1
495,2,Anichebe,51,WBA,SOU,0,0,0,0,0,1
496,2,Berahino,88,WBA,SOU,0,0,0,0,0,2
531,2,Ideye,39,WBA,SOU,0,0,0,0,0,1
73,2,Ings,90,BUR,SWA,0,0,0,0,0,2
75,2,Barnes,9,BUR,SWA,0,0,0,0,0,1
76,2,Sordell,1,BUR,SWA,0,0,0,0,0,1
523,2,Jutkiewicz,81,BUR,SWA,0,0,0,0,0,2
25,2,Giroud,45,ARS,EVE,1,0,0,0,0,5
28,2,Campbell,17,ARS,EVE,0,0,0,0,0,1
52,2,Agbonlahor,90,AVL,NEW,0,0,0,0,0,2
53,2,Weimann,90,AVL,NEW,0,0,1,0,0,1
57,2,Bent,15,AVL,NEW,0,0,0,0,0,1
522,2,Costa,79,CHE,LEI,1,0,0,0,0,6
542,2,Drogba,11,CHE,LEI,0,0,0,0,0,1
126,2,Murray,8,CRY,WHU,0,0,0,0,0,1
127,2,Gayle,21,CRY,WHU,0,0,0,0,0,1
129,2,Chamakh,90,CRY,WHU,1,0,0,0,2,8
536,2,Campbell,69,CRY,WHU,0,0,0,0,0,2
176,2,Long,45,SOU,WBA,0,0,0,0,0,1
362,2,Pellè,90,SOU,WBA,0,0,0,0,0,2
472,2,Bony,63,SWA,BUR,0,0,0,0,0,2
474,2,Gomis,27,SWA,BUR,0,0,0,0,0,1
103,2,Lukaku,75,EVE,ARS,0,1,0,0,0,5
152,2,Naismith,90,EVE,ARS,1,0,0,0,3,9
419,2,Crouch,36,STK,HUL,0,0,0,0,0,1
421,2,Diouf,90,STK,HUL,0,0,1,0,0,1
533,2,Bojan,50,STK,HUL,0,0,1,0,0,0
335,2,Remy,90,QPR,TOT,0,0,0,0,0,2
336,2,Zamora,17,QPR,TOT,0,0,0,0,0,1
282,2,van Persie,62,MUN,SUN,0,0,0,0,0,2
284,2,Rooney,90,MUN,SUN,0,0,0,0,0,2
285,2,Welbeck,28,MUN,SUN,0,0,0,0,0,1
174,2,Jelavic,80,HUL,STK,1,0,0,0,2,8
392,2,Adebayor,79,TOT,QPR,1,1,0,0,3,12
393,2,Kane,22,TOT,QPR,0,0,0,0,0,1
394,2,Soldado,11,TOT,QPR,0,0,0,0,0,1
440,2,Wickham,90,SUN,MUN,0,0,0,0,0,2
441,2,Fletcher,76,SUN,MUN,0,0,0,0,0,2
444,2,Altidore,14,SUN,MUN,0,0,0,0,0,1
227,2,Sturridge,90,LIV,MCI,0,0,0,0,0,2
229,2,Lambert,12,LIV,MCI,0,1,0,0,0,4
253,2,Dzeko,67,MCI,LIV,0,0,0,0,0,2
254,2,Agüero,23,MCI,LIV,1,0,0,0,1,6
256,2,Jovetic,79,MCI,LIV,2,0,0,0,3,13
282,3,van Persie,72,MUN,BUR,0,0,0,0,0,2
284,3,Rooney,90,MUN,BUR,0,0,0,0,0,2
285,3,Welbeck,18,MUN,BUR,0,0,0,0,0,1
419,3,Crouch,90,STK,MCI,0,0,0,0,0,2
421,3,Diouf,90,STK,MCI,1,0,0,0,3,9
126,3,Murray,8,CRY,NEW,0,0,1,0,0,0
127,3,Gayle,69,CRY,NEW,1,0,0,0,0,6
129,3,Chamakh,51,CRY,NEW,0,1,1,0,0,3
536,3,Campbell,39,CRY,NEW,0,0,0,0,0,1
440,3,Wickham,90,SUN,QPR,0,0,0,0,0,2
441,3,Fletcher,68,SUN,QPR,0,0,0,0,0,2
444,3,Altidore,9,SUN,QPR,0,0,0,0,0,1
496,3,Berahino,90,WBA,SWA,0,0,0,0,0,2
531,3,Ideye,90,WBA,SWA,0,0,0,0,0,2
176,3,Long,65,SOU,WHU,0,0,0,0,0,2
362,3,Pellè,90,SOU,WHU,1,0,1,0,1,6
522,3,Costa,90,CHE,EVE,2,0,1,0,3,12
542,3,Drogba,2,CHE,EVE,0,0,0,0,0,1
174,3,Jelavic,90,HUL,AVL,1,0,1,0,1,6
227,3,Sturridge,90,LIV,TOT,0,0,0,0,0,2
587,3,Balotelli,60,LIV,TOT,0,0,0,0,0,2
24,3,Podolski,14,ARS,LEI,0,0,0,0,0,1
26,3,Sanogo,76,ARS,LEI,0,1,0,0,0,5
73,3,Ings,77,BUR,MUN,0,0,0,0,0,2
75,3,Barnes,13,BUR,MUN,0,0,0,0,0,1
523,3,Jutkiewicz,90,BUR,MUN,0,0,0,0,0,2
253,3,Dzeko,28,MCI,STK,0,0,0,0,0,1
254,3,Agüero,90,MCI,STK,0,0,0,0,0,2
256,3,Jovetic,62,MCI,STK,0,0,0,0,0,2
317,3,Ayoze,12,NEW,CRY,0,0,0,0,0,1
526,3,Rivière,90,NEW,CRY,0,1,0,0,0,5
336,3,Zamora,22,QPR,SUN,0,0,0,0,0,1
337,3,Austin,68,QPR,SUN,1,0,0,0,3,9
472,3,Bony,75,SWA,WBA,0,0,0,0,0,2
474,3,Gomis,15,SWA,WBA,0,0,0,0,0,1
517,3,Vaz Te,57,WHU,SOU,0,0,0,0,0,1
520,3,Cole,78,WHU,SOU,0,0,0,0,0,2
521,3,Zárate,56,WHU,SOU,0,1,0,0,0,4
530,3,Valencia,12,WHU,SOU,0,0,0,0,0,1
103,3,Lukaku,88,EVE,CHE,0,0,0,0,0,2
152,3,Naismith,90,EVE,CHE,1,0,0,0,0,6
589,3,Eto'o,21,EVE,CHE,1,0,0,0,0,5
52,3,Agbonlahor,84,AVL,HUL,1,0,0,0,2,8
53,3,Weimann,90,AVL,HUL,1,1,0,0,3,12
57,3,Bent,6,AVL,HUL,0,0,0,0,0,1
392,3,Adebayor,90,TOT,LIV,0,0,0,0,0,2
195,3,Nugent,90,LEI,ARS,0,0,0,0,0,2
196,3,Vardy,21,LEI,ARS,0,0,0,0,0,1
532,3,Ulloa,76,LEI,ARS,1,0,0,0,1,7
253,4,Dzeko,24,MCI,ARS,0,0,0,0,0,1
254,4,Agüero,66,MCI,ARS,1,0,1,0,1,6
472,4,Bony,15,SWA,CHE,0,1,0,0,0,4
474,4,Gomis,75,SWA,CHE,0,0,0,0,0,2
73,4,Ings,41,BUR,CRY,0,0,1,0,0,0
76,4,Sordell,49,BUR,CRY,0,0,1,0,0,0
523,4,Jutkiewicz,90,BUR,CRY,0,0,0,0,0,2
317,4,Ayoze,22,NEW,SOU,0,0,0,0,0,1
526,4,Rivière,90,NEW,SOU,0,0,0,0,0,2
195,4,Nugent,90,LEI,STK,0,0,0,0,0,2
196,4,Vardy,15,LEI,STK,0,0,0,0,0,1
532,4,Ulloa,90,LEI,STK,1,0,0,0,3,9
392,4,Adebayor,78,TOT,SUN,0,1,0,0,0,5
393,4,Kane,12,TOT,SUN,0,0,0,0,0,-1
103,4,Lukaku,67,EVE,WBA,1,0,0,0,0,6
152,4,Naismith,90,EVE,WBA,0,0,1,0,0,1
52,4,Agbonlahor,90,AVL,LIV,1,0,0,0,3,9
53,4,Weimann,71,AVL,LIV,0,0,0,0,0,2
57,4,Bent,1,AVL,LIV,0,0,0,0,0,1
285,4,Welbeck,87,ARS,MCI,0,0,0,0,0,2
335,4,Remy,19,CHE,SWA,1,0,0,0,0,5
522,4,Costa,71,CHE,SWA,3,0,0,0,3,17
127,4,Gayle,74,CRY,BUR,0,0,0,0,0,2
536,4,Campbell,60,CRY,BUR,0,0,0,0,0,2
602,4,Doyle,30,CRY,BUR,0,0,0,0,0,1
176,4,Long,45,SOU,NEW,0,0,0,0,0,1
362,4,Pellè,90,SOU,NEW,2,0,0,0,3,13
419,4,Crouch,90,STK,LEI,0,0,1,0,0,1
421,4,Diouf,17,STK,LEI,0,0,0,0,0,1
533,4,Bojan,73,STK,LEI,0,0,0,0,0,2
440,4,Wickham,90,SUN,TOT,0,0,1,0,0,1
496,4,Berahino,90,WBA,EVE,0,0,0,0,0,2
531,4,Ideye,69,WBA,EVE,0,0,0,0,0,2
586,4,Samaras,21,WBA,EVE,0,0,0,0,0,1
229,4,Lambert,20,LIV,AVL,0,0,0,0,0,1
230,4,Borini,20,LIV,AVL,0,0,0,0,0,1
587,4,Balotelli,70,LIV,AVL,0,0,0,0,0,2
337,4,Austin,58,QPR,MUN,0,0,0,0,0,1
585,4,Vargas,32,QPR,MUN,0,0,0,0,0,1
282,4,van Persie,90,MUN,QPR,0,0,1,0,0,1
284,4,Rooney,90,MUN,QPR,1,1,0,0,1,10
603,4,Falcao,24,MUN,QPR,0,0,0,0,0,1
521,4,Zárate,61,WHU,HUL,0,0,0,0,0,2
530,4,Valencia,90,WHU,HUL,1,0,0,0,2,8
570,4,Sakho,86,WHU,HUL,0,1,0,0,0,5
174,4,Jelavic,90,HUL,WHU,0,0,0,0,0,2
594,4,Hernández,78,HUL,WHU,1,0,0,0,1,7
419,5,Crouch,90,STK,QPR,1,1,0,0,3,12
421,5,Diouf,90,STK,QPR,1,0,1,0,0,5
24,5,Podolski,13,ARS,AVL,0,0,0,0,0,1
285,5,Welbeck,77,ARS,AVL,1,1,0,0,3,12
440,5,Wickham,90,SUN,BUR,0,0,0,0,0,2
444,5,Altidore,24,SUN,BUR,0,0,0,0,0,1
174,5,Jelavic,80,HUL,NEW,1,0,0,0,0,6
594,5,Hernández,55,HUL,NEW,0,0,0,0,0,1
176,5,Long,90,SOU,SWA,0,0,0,0,0,2
362,5,Pellè,90,SOU,SWA,0,1,0,0,0,5
229,5,Lambert,16,LIV,WHU,0,0,0,0,0,1
230,5,Borini,74,LIV,WHU,0,0,0,0,0,2
587,5,Balotelli,90,LIV,WHU,0,1,1,0,0,4
336,5,Zamora,21,QPR,STK,0,0,0,0,0,1
337,5,Austin,90,QPR,STK,0,0,0,0,0,2
585,5,Vargas,69,QPR,STK,0,0,0,0,0,2
52,5,Agbonlahor,90,AVL,ARS,0,0,0,0,0,2
53,5,Weimann,45,AVL,ARS,0,0,0,0,0,1
75,5,Barnes,28,BUR,SUN,0,0,0,0,0,1
76,5,Sordell,62,BUR,SUN,0,0,0,0,0,2
523,5,Jutkiewicz,90,BUR,SUN,0,0,0,0,0,2
314,5,Cissé,22,NEW,HUL,2,0,0,0,3,12
317,5,Ayoze,1,NEW,HUL,0,0,0,0,0,1
526,5,Rivière,68,NEW,HUL,0,0,0,0,0,2
472,5,Bony,38,SWA,SOU,0,0,0,1,0,-2
475,5,Emnes,6,SWA,SOU,0,0,0,0,0,1
530,5,Valencia,75,WHU,LIV,0,0,0,0,0,2
570,5,Sakho,90,WHU,LIV,1,0,0,0,3,9
282,5,van Persie,90,MUN,LEI,1,0,0,0,0,6
284,5,Rooney,90,MUN,LEI,0,1,1,0,0,4
603,5,Falcao,71,MUN,LEI,0,1,0,0,0,5
495,5,Anichebe,1,WBA,TOT,0,0,0,0,0,1
496,5,Berahino,90,WBA,TOT,0,0,0,0,0,2
536,5,Campbell,85,CRY,EVE,1,0,0,0,1,7
602,5,Doyle,5,CRY,EVE,0,0,0,0,0,1
522,5,Costa,85,CHE,MCI,0,0,1,0,0,1
542,5,Drogba,5,CHE,MCI,0,0,0,0,0,1
195,5,Nugent,74,LEI,MUN,1,0,0,0,0,6
196,5,Vardy,84,LEI,MUN,1,4,0,0,3,21
532,5,Ulloa,90,LEI,MUN,2,0,0,0,2,12
392,5,Adebayor,90,TOT,WBA,0,0,0,0,0,2
394,5,Soldado,30,TOT,WBA,0,0,1,0,0,0
103,5,Lukaku,90,EVE,CRY,1,0,0,0,2,8
152,5,Naismith,27,EVE,CRY,0,0,1,0,0,0
589,5,Eto'o,90,EVE,CRY,0,0,1,0,0,1
253,5,Dzeko,69,MCI,CHE,0,0,0,0,0,2
254,5,Agüero,90,MCI,CHE,0,0,0,0,0,2
103,6,Lukaku,90,EVE,LIV,0,0,0,0,0,2
152,6,Naismith,90,EVE,LIV,0,0,0,0,0,2
589,6,Eto'o,11,EVE,LIV,0,0,0,0,0,1
52,6,Agbonlahor,90,AVL,CHE,0,0,0,0,0,2
53,6,Weimann,68,AVL,CHE,0,0,0,0,0,2
57,6,Bent,22,AVL,CHE,0,0,0,0,0,1
195,6,Nugent,90,LEI,CRY,0,0,0,0,0,2
196,6,Vardy,90,LEI,CRY,0,0,1,0,0,1
532,6,Ulloa,90,LEI,CRY,0,0,0,0,0,2
253,6,Dzeko,90,MCI,HUL,2,0,0,0,3,13
254,6,Agüero,71,MCI,HUL,1,0,0,0,2,8
520,6,Cole,30,WHU,MUN,0,0,0,0,0,1
530,6,Valencia,90,WHU,MUN,0,1,0,0,0,5
570,6,Sakho,90,WHU,MUN,1,0,1,0,1,6
336,6,Zamora,14,QPR,SOU,0,0,0,0,0,1
337,6,Austin,90,QPR,SOU,1,0,0,0,0,6
585,6,Vargas,76,QPR,SOU,0,1,0,0,0,5
472,6,Bony,18,SWA,SUN,0,0,0,0,0,1
474,6,Gomis,72,SWA,SUN,0,0,0,0,0,2
392,6,Adebayor,90,TOT,ARS,0,0,1,0,0,1
229,6,Lambert,3,LIV,EVE,0,0,0,0,0,1
587,6,Balotelli,87,LIV,EVE,0,1,0,0,0,5
335,6,Remy,10,CHE,AVL,0,0,0,0,0,1
522,6,Costa,80,CHE,AVL,1,0,0,0,0,6
129,6,Chamakh,18,CRY,LEI,0,0,0,0,0,1
536,6,Campbell,72,CRY,LEI,1,0,0,0,1,7
174,6,Jelavic,90,HUL,MCI,0,0,0,0,0,2
594,6,Hernández,73,HUL,MCI,1,0,0,0,0,6
282,6,van Persie,90,MUN,WHU,1,0,0,0,2,8
284,6,Rooney,58,MUN,WHU,1,0,0,1,0,2
603,6,Falcao,64,MUN,WHU,0,1,0,0,0,5
176,6,Long,23,SOU,QPR,0,0,0,0,0,1
362,6,Pellè,90,SOU,QPR,1,0,0,0,3,9
440,6,Wickham,77,SUN,SWA,0,0,0,0,0,2
441,6,Fletcher,13,SUN,SWA,0,0,0,0,0,1
285,6,Welbeck,90,ARS,TOT,0,0,0,0,0,2
75,6,Barnes,45,BUR,WBA,0,0,0,0,0,1
76,6,Sordell,23,BUR,WBA,0,0,0,0,0,1
523,6,Jutkiewicz,67,BUR,WBA,0,0,0,0,0,2
496,6,Berahino,90,WBA,BUR,2,0,0,0,2,12
586,6,Samaras,17,WBA,BUR,0,0,0,0,0,1
314,6,Cissé,45,NEW,STK,0,0,1,0,0,0
526,6,Rivière,45,NEW,STK,0,0,0,0,0,1
419,6,Crouch,90,STK,NEW,1,0,0,0,3,9
421,6,Diouf,22,STK,NEW,0,0,0,0,0,1
127,7,Gayle,21,CRY,HUL,0,0,0,0,0,1
129,7,Chamakh,27,CRY,HUL,0,0,0,0,0,1
536,7,Campbell,63,CRY,HUL,0,0,1,0,0,1
75,7,Barnes,90,BUR,LEI,0,0,0,0,0,2
76,7,Sordell,24,BUR,LEI,0,0,0,0,0,1
523,7,Jutkiewicz,90,BUR,LEI,0,1,0,0,0,5
496,7,Berahino,90,WBA,LIV,1,0,0,0,0,6
586,7,Samaras,4,WBA,LIV,0,0,0,0,0,1
419,7,Crouch,77,STK,SUN,0,0,0,0,0,2
533,7,Bojan,21,STK,SUN,0,0,1,0,0,0
314,7,Cissé,84,NEW,SWA,2,0,0,0,3,13
317,7,Ayoze,6,NEW,SWA,0,0,0,0,0,1
526,7,Rivière,22,NEW,SWA,0,0,0,0,0,1
253,7,Dzeko,63,MCI,AVL,0,0,0,0,0,2
254,7,Agüero,90,MCI,AVL,1,0,0,0,1,7
174,7,Jelavic,90,HUL,CRY,1,0,0,0,0,6
594,7,Hernández,75,HUL,CRY,0,0,0,0,0,2
195,7,Nugent,28,LEI,BUR,0,0,1,0,0,0
196,7,Vardy,90,LEI,BUR,0,1,0,0,0,5
532,7,Ulloa,62,LEI,BUR,0,0,0,0,0,2
229,7,Lambert,63,LIV,WBA,0,0,0,0,0,2
587,7,Balotelli,27,LIV,WBA,0,0,0,0,0,1
440,7,Wickham,90,SUN,STK,1,1,0,0,2,11
441,7,Fletcher,90,SUN,STK,2,1,1,0,3,15
472,7,Bony,90,SWA,NEW,1,0,0,0,0,6
475,7,Emnes,5,SWA,NEW,0,0,0,0,0,1
53,7,Weimann,60,AVL,MCI,0,0,0,0,0,2
54,7,Benteke,30,AVL,MCI,0,0,0,0,0,1
103,7,Lukaku,90,EVE,MUN,0,0,0,0,0,2
152,7,Naismith,90,EVE,MUN,1,0,0,0,2,8
24,7,Podolski,12,ARS,CHE,0,0,0,0,0,1
285,7,Welbeck,90,ARS,CHE,0,0,1,0,0,1
176,7,Long,15,SOU,TOT,0,0,0,0,0,1
362,7,Pellè,90,SOU,TOT,0,0,0,0,0,2
336,7,Zamora,45,QPR,WHU,0,0,0,0,0,1
337,7,Austin,90,QPR,WHU,0,0,0,0,0,2
282,7,van Persie,90,MUN,EVE,0,0,1,0,0,1
286,7,Wilson,18,MUN,EVE,0,0,1,0,0,0
603,7,Falcao,72,MUN,EVE,1,0,0,0,1,7
522,7,Costa,90,CHE,ARS,1,0,0,0,0,6
392,7,Adebayor,90,TOT,SOU,0,0,0,0,0,2
393,7,Kane,1,TOT,SOU,0,0,0,0,0,1
521,7,Zárate,75,WHU,QPR,0,0,0,0,0,2
530,7,Valencia,84,WHU,QPR,0,0,0,0,0,2
570,7,Sakho,90,WHU,QPR,1,0,0,0,2,8
394,8,Soldado,90,TOT,MCI,0,1,0,0,0,3
594,8,Hernández,62,HUL,ARS,1,0,0,0,0,6
520,8,Cole,32,WHU,BUR,1,0,0,0,0,5
530,8,Valencia,58,WHU,BUR,1,0,0,0,1,6
570,8,Sakho,90,WHU,BUR,1,1,0,0,3,12
335,8,Remy,90,CHE,CRY,0,0,0,0,0,2
542,8,Drogba,1,CHE,CRY,0,0,0,0,0,1
52,8,Agbonlahor,90,AVL,EVE,0,0,1,0,0,1
53,8,Weimann,28,AVL,EVE,0,0,0,0,0,1
54,8,Benteke,80,AVL,EVE,0,0,0,0,0,2
195,8,Nugent,35,LEI,NEW,0,0,0,0,0,1
196,8,Vardy,35,LEI,NEW,0,0,0,0,0,1
532,8,Ulloa,90,LEI,NEW,0,0,1,0,0,1
440,8,Wickham,90,SUN,SOU,0,0,1,0,0,1
441,8,Fletcher,90,SUN,SOU,0,0,0,0,0,2
254,8,Agüero,90,MCI,TOT,4,0,0,0,3,19
256,8,Jovetic,21,MCI,TOT,0,0,0,0,0,1
28,8,Campbell,22,ARS,HUL,0,0,0,0,0,1
285,8,Welbeck,90,ARS,HUL,1,0,0,0,1,7
73,8,Ings,82,BUR,WHU,0,0,0,0,0,2
75,8,Barnes,26,BUR,WHU,0,0,0,0,0,1
76,8,Sordell,8,BUR,WHU,0,0,0,0,0,1
523,8,Jutkiewicz,64,BUR,WHU,0,0,0,0,0,2
536,8,Campbell,90,CRY,CHE,1,0,1,0,1,6
103,8,Lukaku,90,EVE,AVL,1,0,0,0,0,6
152,8,Naismith,86,EVE,AVL,0,0,1,0,0,1
589,8,Eto'o,4,EVE,AVL,0,0,0,0,0,1
314,8,Cissé,90,NEW,LEI,0,1,0,0,0,5
317,8,Ayoze,32,NEW,LEI,0,0,0,0,0,1
176,8,Long,64,SOU,SUN,0,0,0,0,0,2
359,8,Mayuka,11,SOU,SUN,0,0,0,0,0,1
362,8,Pellè,79,SOU,SUN,2,1,0,0,2,15
587,8,Balotelli,90,LIV,QPR,0,0,0,0,0,2
472,8,Bony,90,SWA,STK,1,0,1,0,2,7
474,8,Gomis,26,SWA,STK,0,0,0,0,0,1
475,8,Emnes,6,SWA,STK,0,0,0,0,0,1
336,8,Zamora,78,QPR,LIV,0,0,0,0,0,2
337,8,Austin,90,QPR,LIV,0,1,0,0,0,5
585,8,Vargas,12,QPR,LIV,2,0,0,0,3,12
419,8,Crouch,90,STK,SWA,0,0,0,0,0,2
421,8,Diouf,61,STK,SWA,0,0,1,0,0,1
282,8,van Persie,90,MUN,WBA,0,0,0,0,0,2
603,8,Falcao,19,MUN,WBA,0,0,0,0,0,1
496,8,Berahino,90,WBA,MUN,1,0,0,0,0,6
253,9,Dzeko,58,MCI,WHU,0,0,0,0,0,1
254,9,Agüero,90,MCI,WHU,0,0,0,0,0,2
256,9,Jovetic,32,MCI,WHU,0,0,0,0,0,1
594,9,Hernández,70,HUL,LIV,0,0,0,0,0,2
419,9,Crouch,90,STK,SOU,0,0,0,0,0,2
421,9,Diouf,38,STK,SOU,0,0,0,0,0,1
285,9,Welbeck,90,ARS,SUN,0,0,1,0,0,1
129,9,Chamakh,72,CRY,WBA,0,0,0,0,0,2
536,9,Campbell,90,CRY,WBA,0,0,0,0,0,2
195,9,Nugent,90,LEI,SWA,0,0,0,0,0,2
196,9,Vardy,66,LEI,SWA,0,0,0,0,0,2
532,9,Ulloa,90,LEI,SWA,0,0,0,0,0,2
520,9,Cole,15,WHU,MCI,0,0,0,0,0,1
530,9,Valencia,75,WHU,MCI,0,1,0,0,0,5
570,9,Sakho,88,WHU,MCI,1,0,0,0,2,8
229,9,Lambert,30,LIV,HUL,0,0,0,0,0,1
587,9,Balotelli,90,LIV,HUL,0,0,1,0,0,1
362,9,Pellè,90,SOU,STK,0,1,0,0,0,5
440,9,Wickham,41,SUN,ARS,0,0,1,0,0,0
441,9,Fletcher,49,SUN,ARS,0,0,0,0,0,1
444,9,Altidore,17,SUN,ARS,0,0,0,0,0,1
495,9,Anichebe,45,WBA,CRY,1,1,0,0,3,11
496,9,Berahino,90,WBA,CRY,1,0,0,0,1,7
472,9,Bony,82,SWA,LEI,2,0,0,0,3,13
474,9,Gomis,8,SWA,LEI,0,0,0,0,0,1
103,9,Lukaku,64,EVE,BUR,1,0,1,0,1,6
152,9,Naismith,90,EVE,BUR,0,0,1,0,0,1
589,9,Eto'o,90,EVE,BUR,2,0,0,0,3,13
317,9,Ayoze,78,NEW,TOT,1,0,0,0,2,8
542,9,Drogba,90,CHE,MUN,1,0,1,0,3,8
73,9,Ings,90,BUR,EVE,1,0,0,0,1,7
75,9,Barnes,26,BUR,EVE,0,0,1,0,0,0
76,9,Sordell,7,BUR,EVE,0,0,0,0,0,1
523,9,Jutkiewicz,64,BUR,EVE,0,1,0,0,0,5
392,9,Adebayor,82,TOT,NEW,1,0,0,0,3,9
393,9,Kane,24,TOT,NEW,0,0,0,0,0,1
394,9,Soldado,8,TOT,NEW,0,0,0,0,0,1
282,9,van Persie,90,MUN,CHE,1,0,1,0,1,6
286,9,Wilson,24,MUN,CHE,0,0,0,0,0,1
52,9,Agbonlahor,90,AVL,QPR,0,0,0,0,0,2
53,9,Weimann,69,AVL,QPR,0,0,1,0,0,1
54,9,Benteke,90,AVL,QPR,0,0,0,0,0,2
57,9,Bent,21,AVL,QPR,0,0,0,0,0,1
336,9,Zamora,62,QPR,AVL,0,1,0,0,0,5
337,9,Austin,90,QPR,AVL,2,0,0,0,3,13
585,9,Vargas,86,QPR,AVL,0,1,0,0,0,5
229,10,Lambert,11,LIV,NEW,0,0,0,0,0,1
230,10,Borini,25,LIV,NEW,0,0,0,0,0,1
587,10,Balotelli,90,LIV,NEW,0,0,0,0,0,2
73,10,Ings,90,BUR,ARS,0,0,0,0,0,2
76,10,Sordell,68,BUR,ARS,0,0,0,0,0,2
523,10,Jutkiewicz,22,BUR,ARS,0,0,0,0,0,1
336,10,Zamora,31,QPR,CHE,0,0,0,0,0,1
337,10,Austin,90,QPR,CHE,1,0,0,0,0,6
585,10,Vargas,90,QPR,CHE,0,0,0,0,0,2
472,10,Bony,60,SWA,EVE,0,0,1,0,0,1
474,10,Gomis,30,SWA,EVE,0,0,0,0,0,1
176,10,Long,61,SOU,HUL,0,0,0,0,0,2
362,10,Pellè,90,SOU,HUL,0,0,0,0,0,2
495,10,Anichebe,3,WBA,LEI,0,0,0,0,0,1
496,10,Berahino,87,WBA,LEI,0,0,0,0,0,2
520,10,Cole,45,WHU,STK,0,0,0,0,0,1
530,10,Valencia,90,WHU,STK,1,1,0,0,2,11
314,10,Cissé,45,NEW,LIV,0,0,0,0,0,1
317,10,Ayoze,45,NEW,LIV,1,0,0,0,3,8
24,10,Podolski,11,ARS,BUR,0,0,0,0,0,1
285,10,Welbeck,79,ARS,BUR,0,1,0,0,0,5
522,10,Costa,77,CHE,QPR,0,0,0,0,0,2
542,10,Drogba,27,CHE,QPR,0,0,0,0,0,1
103,10,Lukaku,23,EVE,SWA,0,0,0,0,0,1
152,10,Naismith,67,EVE,SWA,0,0,0,0,0,2
589,10,Eto'o,90,EVE,SWA,0,0,0,0,0,2
594,10,Hernández,90,HUL,SOU,0,0,0,0,0,2
195,10,Nugent,67,LEI,WBA,0,0,0,0,0,2
196,10,Vardy,80,LEI,WBA,0,0,0,0,0,2
197,10,Wood,10,LEI,WBA,0,0,0,0,0,1
532,10,Ulloa,23,LEI,WBA,0,0,0,0,0,1
421,10,Diouf,90,STK,WHU,1,0,0,0,1,7
533,10,Bojan,81,STK,WHU,0,0,0,0,0,2
282,10,van Persie,81,MUN,MCI,0,0,0,0,0,2
284,10,Rooney,90,MUN,MCI,0,0,0,0,0,2
286,10,Wilson,9,MUN,MCI,0,0,0,0,0,1
392,10,Adebayor,57,TOT,AVL,0,0,0,0,0,1
393,10,Kane,33,TOT,AVL,1,0,0,0,3,8
394,10,Soldado,90,TOT,AVL,0,0,0,0,0,2
253,10,Dzeko,20,MCI,MUN,0,0,0,0,0,1
254,10,Agüero,83,MCI,MUN,1,0,0,0,2,8
256,10,Jovetic,70,MCI,MUN,0,0,0,0,0,2
52,10,Agbonlahor,17,AVL,TOT,0,0,0,0,0,1
53,10,Weimann,85,AVL,TOT,1,0,1,0,0,5
54,10,Benteke,64,AVL,TOT,0,0,0,1,0,-1
57,10,Bent,1,AVL,TOT,0,0,0,0,0,1
440,10,Wickham,77,SUN,CRY,0,0,0,0,0,2
441,10,Fletcher,90,SUN,CRY,2,0,0,0,3,13
444,10,Altidore,13,SUN,CRY,0,0,0,0,0,1
127,10,Gayle,7,CRY,SUN,0,0,0,0,0,1
129,10,Chamakh,75,CRY,SUN,0,0,0,0,0,2
536,10,Campbell,90,CRY,SUN,0,1,0,0,0,5
522,11,Costa,89,CHE,LIV,1,0,1,0,2,7
542,11,Drogba,1,CHE,LIV,0,0,0,0,0,1
594,11,Hernández,90,HUL,BUR,0,0,1,0,0,1
127,11,Gayle,10,CRY,MUN,0,0,0,0,0,1
129,11,Chamakh,80,CRY,MUN,0,0,0,0,0,2
536,11,Campbell,90,CRY,MUN,0,0,0,0,0,2
602,11,Doyle,1,CRY,MUN,0,0,0,0,0,1
196,11,Vardy,90,LEI,SOU,0,0,0,0,0,2
197,11,Wood,20,LEI,SOU,0,0,0,0,0,1
532,11,Ulloa,70,LEI,SOU,0,0,0,0,0,2
52,11,Agbonlahor,90,AVL,WHU,0,0,1,0,0,1
53,11,Weimann,90,AVL,WHU,0,0,1,0,0,1
253,11,Dzeko,4,MCI,QPR,0,0,0,0,0,1
254,11,Agüero,90,MCI,QPR,2,0,0,0,3,13
229,11,Lambert,12,LIV,CHE,0,0,0,0,0,1
230,11,Borini,21,LIV,CHE,0,0,0,0,0,1
587,11,Balotelli,78,LIV,CHE,0,0,1,0,0,1
73,11,Ings,90,BUR,HUL,0,0,1,0,0,1
75,11,Barnes,74,BUR,HUL,1,0,0,0,2,8
523,11,Jutkiewicz,16,BUR,HUL,0,0,1,0,0,0
282,11,van Persie,90,MUN,CRY,0,0,0,0,0,2
284,11,Rooney,90,MUN,CRY,0,0,0,0,0,2
286,11,Wilson,20,MUN,CRY,0,0,0,0,0,1
176,11,Long,23,SOU,LEI,2,0,0,0,3,12
362,11,Pellè,90,SOU,LEI,0,1,0,0,0,5
516,11,Carroll,1,WHU,AVL,0,0,0,0,0,1
520,11,Cole,16,WHU,AVL,0,0,0,0,0,1
530,11,Valencia,74,WHU,AVL,0,0,0,0,0,2
570,11,Sakho,90,WHU,AVL,0,0,0,0,0,2
336,11,Zamora,90,QPR,MCI,0,1,0,0,0,5
337,11,Austin,90,QPR,MCI,1,0,0,0,1,7
585,11,Vargas,90,QPR,MCI,0,0,1,0,0,1
421,11,Diouf,90,STK,TOT,0,1,0,0,0,5
533,11,Bojan,83,STK,TOT,1,0,0,0,2,8
103,11,Lukaku,90,EVE,SUN,0,0,0,0,0,2
152,11,Naismith,21,EVE,SUN,0,0,0,0,0,1
589,11,Eto'o,90,EVE,SUN,0,0,0,0,0,2
317,11,Ayoze,90,NEW,WBA,1,0,0,0,1,7
26,11,Sanogo,1,ARS,SWA,0,0,0,0,0,1
285,11,Welbeck,90,ARS,SWA,0,1,0,0,0,5
392,11,Adebayor,26,TOT,STK,0,0,0,0,0,1
393,11,Kane,90,TOT,STK,0,0,0,0,0,2
440,11,Wickham,90,SUN,EVE,0,0,0,0,0,2
441,11,Fletcher,90,SUN,EVE,0,0,0,0,0,2
495,11,Anichebe,90,WBA,NEW,0,0,0,0,0,2
496,11,Berahino,90,WBA,NEW,0,0,0,0,0,2
586,11,Samaras,15,WBA,NEW,0,0,0,0,0,1
472,11,Bony,75,SWA,ARS,0,0,0,0,0,2
474,11,Gomis,15,SWA,ARS,1,0,0,0,2,7
475,11,Emnes,66,SWA,ARS,0,0,0,0,0,2
627,11,Barrow,24,SWA,ARS,0,1,1,0,0,3
495,12,Anichebe,13,WBA,CHE,0,0,0,0,0,1
496,12,Berahino,77,WBA,CHE,0,0,0,0,0,2
516,12,Carroll,90,WHU,EVE,0,0,0,0,0,2
517,12,Vaz Te,9,WHU,EVE,0,0,0,0,0,1
520,12,Cole,50,WHU,EVE,0,0,0,0,0,1
521,12,Zárate,40,WHU,EVE,1,0,0,0,2,7
440,12,Wickham,90,SUN,LEI,0,0,0,0,0,2
441,12,Fletcher,90,SUN,LEI,0,0,1,0,0,1
472,12,Bony,90,SWA,MCI,1,0,0,0,1,7
474,12,Gomis,12,SWA,MCI,0,0,0,0,0,1
627,12,Barrow,14,SWA,MCI,0,0,0,0,0,1
336,12,Zamora,90,QPR,NEW,0,0,1,0,0,1
337,12,Austin,90,QPR,NEW,0,0,0,0,0,2
73,12,Ings,85,BUR,STK,2,0,1,0,3,12
75,12,Barnes,90,BUR,STK,0,0,0,0,0,2
523,12,Jutkiewicz,31,BUR,STK,0,0,0,0,0,1
282,12,van Persie,74,MUN,ARS,0,0,0,0,0,2
284,12,Rooney,90,MUN,ARS,1,0,0,0,3,9
286,12,Wilson,16,MUN,ARS,0,0,1,0,0,0
335,12,Remy,12,CHE,WBA,0,0,0,0,0,1
522,12,Costa,83,CHE,WBA,1,0,0,0,0,6
542,12,Drogba,7,CHE,WBA,0,0,0,0,0,1
103,12,Lukaku,90,EVE,WHU,1,0,0,0,1,7
152,12,Naismith,88,EVE,WHU,0,0,0,0,0,2
589,12,Eto'o,25,EVE,WHU,0,1,0,0,0,4
195,12,Nugent,19,LEI,SUN,0,0,0,0,0,1
196,12,Vardy,71,LEI,SUN,0,0,1,0,0,1
197,12,Wood,3,LEI,SUN,0,0,0,0,0,1
532,12,Ulloa,87,LEI,SUN,0,0,0,0,0,2
254,12,Agüero,90,MCI,SWA,0,0,0,0,0,2
256,12,Jovetic,69,MCI,SWA,1,0,0,0,2,8
314,12,Cissé,23,NEW,QPR,0,0,0,0,0,1
316,12,Armstrong,2,NEW,QPR,0,0,1,0,0,0
317,12,Ayoze,88,NEW,QPR,0,0,0,0,0,2
419,12,Crouch,31,STK,BUR,0,0,0,0,0,1
421,12,Diouf,59,STK,BUR,0,0,1,0,0,0
533,12,Bojan,90,STK,BUR,0,1,0,0,2,7
25,12,Giroud,14,ARS,MUN,1,0,1,0,0,4
285,12,Welbeck,90,ARS,MUN,0,0,0,0,0,2
229,12,Lambert,90,LIV,CRY,1,0,0,0,0,6
230,12,Borini,19,LIV,CRY,0,0,0,0,0,1
393,12,Kane,90,TOT,HUL,1,0,0,0,2,8
394,12,Soldado,78,TOT,HUL,0,0,0,0,0,2
127,12,Gayle,90,CRY,LIV,1,1,0,0,3,12
129,12,Chamakh,90,CRY,LIV,0,0,0,0,0,2
174,12,Jelavic,90,HUL,TOT,0,0,0,0,0,2
176,12,Long,88,SOU,AVL,0,0,0,0,0,2
359,12,Mayuka,12,SOU,AVL,0,0,0,0,0,1
362,12,Pellè,90,SOU,AVL,0,0,0,0,0,2
52,12,Agbonlahor,90,AVL,SOU,1,0,0,0,3,9
53,12,Weimann,90,AVL,SOU,0,0,0,0,0,2
57,12,Bent,17,AVL,SOU,0,0,0,0,0,1
25,13,Giroud,77,ARS,WBA,0,0,0,0,0,2
285,13,Welbeck,90,ARS,WBA,1,0,0,0,3,9
52,13,Agbonlahor,90,AVL,BUR,0,0,0,0,0,2
53,13,Weimann,77,AVL,BUR,0,1,0,0,1,6
419,13,Crouch,3,STK,LIV,0,0,0,0,0,1
421,13,Diouf,90,STK,LIV,0,0,0,0,0,2
533,13,Bojan,90,STK,LIV,0,0,0,0,0,2
174,13,Jelavic,90,HUL,MUN,0,0,0,0,0,2
195,13,Nugent,31,LEI,QPR,0,0,1,0,0,0
196,13,Vardy,90,LEI,QPR,0,0,0,0,0,2
532,13,Ulloa,59,LEI,QPR,0,1,0,0,0,4
127,13,Gayle,20,CRY,SWA,0,0,0,0,0,1
129,13,Chamakh,65,CRY,SWA,0,1,1,0,0,4
536,13,Campbell,25,CRY,SWA,0,0,0,0,0,1
314,13,Cissé,28,NEW,WHU,0,0,0,0,0,1
317,13,Ayoze,90,NEW,WHU,0,0,0,0,0,2
335,13,Remy,15,CHE,SUN,0,0,0,0,0,1
522,13,Costa,75,CHE,SUN,0,0,1,0,0,1
542,13,Drogba,15,CHE,SUN,0,0,0,0,0,1
495,13,Anichebe,26,WBA,ARS,0,0,0,0,0,1
496,13,Berahino,90,WBA,ARS,0,0,0,0,0,2
586,13,Samaras,15,WBA,ARS,0,0,0,0,0,1
73,13,Ings,90,BUR,AVL,1,0,0,0,3,9
75,13,Barnes,64,BUR,AVL,0,0,1,0,0,1
523,13,Jutkiewicz,26,BUR,AVL,0,1,0,0,0,4
229,13,Lambert,90,LIV,STK,0,1,0,0,0,5
282,13,van Persie,69,MUN,HUL,1,1,0,0,1,10
284,13,Rooney,90,MUN,HUL,1,0,0,0,2,8
603,13,Falcao,21,MUN,HUL,0,0,0,0,0,1
337,13,Austin,90,QPR,LEI,1,1,1,0,2,10
585,13,Vargas,75,QPR,LEI,0,0,0,0,0,2
472,13,Bony,74,SWA,CRY,1,0,0,0,1,7
474,13,Gomis,16,SWA,CRY,0,0,0,0,0,1
627,13,Barrow,26,SWA,CRY,0,0,0,0,0,1
516,13,Carroll,90,WHU,NEW,0,0,0,0,0,2
521,13,Zárate,21,WHU,NEW,0,0,1,0,0,0
440,13,Wickham,90,SUN,CHE,0,0,0,0,0,2
441,13,Fletcher,61,SUN,CHE,0,0,0,0,0,2
444,13,Altidore,29,SUN,CHE,0,0,0,0,0,1
254,13,Agüero,90,MCI,SOU,0,2,1,0,0,7
256,13,Jovetic,54,MCI,SOU,0,0,0,0,0,1
103,13,Lukaku,90,EVE,TOT,0,0,0,0,0,2
589,13,Eto'o,60,EVE,TOT,0,0,0,0,0,2
176,13,Long,23,SOU,MCI,0,0,0,0,0,1
359,13,Mayuka,9,SOU,MCI,0,0,0,0,0,1
362,13,Pellè,90,SOU,MCI,0,0,0,0,0,2
393,13,Kane,90,TOT,EVE,0,1,0,0,0,5
394,13,Soldado,80,TOT,EVE,1,0,0,0,2,8
314,14,Cissé,90,NEW,BUR,1,0,0,0,3,9
317,14,Ayoze,45,NEW,BUR,0,0,0,0,0,1
526,14,Rivière,16,NEW,BUR,0,0,0,0,0,1
229,14,Lambert,90,LIV,LEI,0,0,0,0,0,2
419,14,Crouch,14,STK,MUN,0,0,0,0,0,1
421,14,Diouf,90,STK,MUN,0,0,0,0,0,2
533,14,Bojan,90,STK,MUN,0,0,0,0,0,2
337,14,Austin,90,QPR,SWA,0,0,0,0,0,2
585,14,Vargas,90,QPR,SWA,0,0,0,0,0,2
52,14,Agbonlahor,90,AVL,CRY,0,0,0,0,0,2
53,14,Weimann,90,AVL,CRY,0,0,1,0,0,1
54,14,Benteke,90,AVL,CRY,1,0,0,0,1,7
516,14,Carroll,64,WHU,WBA,0,1,0,0,0,5
520,14,Cole,13,WHU,WBA,0,0,0,0,0,1
521,14,Zárate,77,WHU,WBA,0,0,0,0,0,2
530,14,Valencia,26,WHU,WBA,0,0,0,0,0,1
73,14,Ings,90,BUR,NEW,0,1,0,0,0,5
75,14,Barnes,84,BUR,NEW,0,0,0,0,0,2
523,14,Jutkiewicz,6,BUR,NEW,0,0,0,0,0,1
196,14,Vardy,90,LEI,LIV,0,0,0,0,0,2
532,14,Ulloa,90,LEI,LIV,0,1,0,0,0,5
282,14,van Persie,90,MUN,STK,0,0,0,0,0,2
286,14,Wilson,77,MUN,STK,0,0,0,0,0,2
603,14,Falcao,13,MUN,STK,0,0,0,0,0,1
472,14,Bony,90,SWA,QPR,0,1,0,0,0,5
127,14,Gayle,45,CRY,AVL,0,0,0,0,0,1
129,14,Chamakh,90,CRY,AVL,0,0,0,0,0,2
536,14,Campbell,45,CRY,AVL,0,0,1,0,0,0
495,14,Anichebe,90,WBA,WHU,0,0,0,0,0,2
496,14,Berahino,90,WBA,WHU,0,0,0,0,0,2
531,14,Ideye,8,WBA,WHU,0,0,0,0,0,1
176,14,Long,80,SOU,ARS,0,0,0,0,0,2
359,14,Mayuka,10,SOU,ARS,0,0,0,0,0,1
362,14,Pellè,90,SOU,ARS,0,0,0,0,0,2
393,14,Kane,90,TOT,CHE,0,0,0,0,0,2
394,14,Soldado,17,TOT,CHE,0,0,0,0,0,1
174,14,Jelavic,90,HUL,EVE,0,1,0,0,0,5
254,14,Agüero,73,MCI,SUN,2,1,0,0,3,16
256,14,Jovetic,55,MCI,SUN,1,1,0,0,2,10
614,14,Pozo,8,MCI,SUN,0,0,0,0,0,1
24,14,Podolski,10,ARS,SOU,0,0,0,0,0,1
25,14,Giroud,26,ARS,SOU,0,0,0,0,0,1
285,14,Welbeck,80,ARS,SOU,0,0,0,0,0,2
335,14,Remy,24,CHE,TOT,1,0,0,0,0,5
542,14,Drogba,66,CHE,TOT,1,1,0,0,2,11
103,14,Lukaku,90,EVE,HUL,1,0,0,0,3,9
440,14,Wickham,66,SUN,MCI,1,0,0,0,0,6
441,14,Fletcher,54,SUN,MCI,0,0,0,0,0,1
444,14,Altidore,36,SUN,MCI,0,0,0,0,0,1
522,15,Costa,90,CHE,NEW,0,0,1,0,0,1
542,15,Drogba,24,CHE,NEW,1,0,0,0,1,6
495,15,Anichebe,72,WBA,HUL,0,0,0,0,0,2
496,15,Berahino,18,WBA,HUL,0,0,0,0,0,1
531,15,Ideye,11,WBA,HUL,0,0,0,0,0,1
440,15,Wickham,90,SUN,LIV,0,0,0,0,0,2
444,15,Altidore,69,SUN,LIV,0,0,0,0,0,2
73,15,Ings,90,BUR,QPR,0,0,0,0,0,2
75,15,Barnes,88,BUR,QPR,0,0,1,0,0,1
76,15,Sordell,2,BUR,QPR,0,0,0,0,0,1
523,15,Jutkiewicz,5,BUR,QPR,0,0,0,0,0,1
129,15,Chamakh,90,CRY,TOT,0,0,0,0,0,2
24,15,Podolski,28,ARS,STK,0,0,0,0,0,1
25,15,Giroud,62,ARS,STK,0,0,0,0,0,2
28,15,Campbell,1,ARS,STK,0,0,0,0,0,1
285,15,Welbeck,45,ARS,STK,0,0,0,0,0,1
103,15,Lukaku,90,EVE,MCI,0,0,0,0,0,2
589,15,Eto'o,90,EVE,MCI,0,0,0,0,0,2
314,15,Cissé,38,NEW,CHE,2,0,0,0,3,12
317,15,Ayoze,90,NEW,CHE,0,0,0,0,0,2
174,15,Jelavic,14,HUL,WBA,0,0,0,0,0,1
594,15,Hernández,90,HUL,WBA,0,0,0,0,0,2
229,15,Lambert,90,LIV,SUN,0,0,0,0,0,2
336,15,Zamora,65,QPR,BUR,0,0,0,0,0,2
337,15,Austin,75,QPR,BUR,1,1,0,1,0,6
585,15,Vargas,77,QPR,BUR,0,0,0,0,0,2
393,15,Kane,90,TOT,CRY,0,0,0,0,0,2
394,15,Soldado,82,TOT,CRY,0,0,0,0,0,2
419,15,Crouch,90,STK,ARS,1,1,1,0,0,8
421,15,Diouf,68,STK,ARS,0,1,0,0,0,5
533,15,Bojan,86,STK,ARS,1,0,0,0,3,9
253,15,Dzeko,28,MCI,EVE,0,0,0,0,0,1
254,15,Agüero,6,MCI,EVE,0,0,0,0,0,1
614,15,Pozo,56,MCI,EVE,0,0,0,0,0,1
472,15,Bony,90,SWA,WHU,1,0,0,0,1,7
474,15,Gomis,16,SWA,WHU,0,0,0,0,0,1
195,15,Nugent,45,LEI,AVL,0,0,0,0,0,1
196,15,Vardy,65,LEI,AVL,0,0,1,0,0,1
197,15,Wood,25,LEI,AVL,0,0,0,0,0,1
532,15,Ulloa,45,LEI,AVL,1,0,0,0,2,7
516,15,Carroll,90,WHU,SWA,2,1,0,0,3,16
530,15,Valencia,45,WHU,SWA,0,0,0,0,0,1
570,15,Sakho,45,WHU,SWA,1,0,0,0,0,5
52,15,Agbonlahor,90,AVL,LEI,0,0,1,0,0,1
54,15,Benteke,90,AVL,LEI,0,1,0,0,0,5
282,15,van Persie,90,MUN,SOU,2,0,0,0,3,13
284,15,Rooney,90,MUN,SOU,0,1,1,0,0,4
176,15,Long,78,SOU,MUN,0,0,0,0,0,2
359,15,Mayuka,12,SOU,MUN,0,0,0,0,0,1
362,15,Pellè,90,SOU,MUN,1,0,0,0,1,7
176,16,Long,13,SOU,BUR,0,0,0,0,0,1
362,16,Pellè,90,SOU,BUR,0,0,1,0,0,1
174,16,Jelavic,73,HUL,CHE,0,0,0,0,0,2
419,16,Crouch,90,STK,CRY,1,0,0,0,3,9
421,16,Diouf,90,STK,CRY,0,0,0,0,0,2
533,16,Bojan,54,STK,CRY,0,0,0,0,0,1
614,16,Pozo,73,MCI,LEI,0,0,0,0,0,2
516,16,Carroll,90,WHU,SUN,0,0,0,0,0,2
530,16,Valencia,10,WHU,SUN,0,0,0,0,0,1
570,16,Sakho,90,WHU,SUN,0,0,0,0,0,2
52,16,Agbonlahor,90,AVL,WBA,0,0,0,0,0,2
53,16,Weimann,13,AVL,WBA,0,0,0,0,0,1
54,16,Benteke,90,AVL,WBA,0,0,0,0,0,2
314,16,Cissé,55,NEW,ARS,0,0,0,0,0,1
316,16,Armstrong,9,NEW,ARS,0,0,0,0,0,1
317,16,Ayoze,81,NEW,ARS,1,0,0,0,0,6
526,16,Rivière,35,NEW,ARS,0,0,0,0,0,1
73,16,Ings,90,BUR,SOU,0,1,0,0,0,5
75,16,Barnes,90,BUR,SOU,1,0,0,0,2,8
522,16,Costa,90,CHE,HUL,1,0,1,0,0,5
542,16,Drogba,13,CHE,HUL,0,0,0,0,0,1
127,16,Gayle,14,CRY,STK,0,0,0,0,0,1
129,16,Chamakh,76,CRY,STK,0,0,1,0,0,1
196,16,Vardy,72,LEI,MCI,0,0,0,0,0,2
532,16,Ulloa,27,LEI,MCI,0,0,0,0,0,1
440,16,Wickham,90,SUN,WHU,0,0,1,0,0,1
441,16,Fletcher,29,SUN,WHU,0,0,0,0,0,1
444,16,Altidore,61,SUN,WHU,0,0,0,0,0,2
496,16,Berahino,21,WBA,AVL,0,0,0,0,0,1
531,16,Ideye,90,WBA,AVL,0,0,0,0,0,2
24,16,Podolski,18,ARS,NEW,0,0,0,0,0,1
25,16,Giroud,72,ARS,NEW,2,0,0,0,3,13
285,16,Welbeck,90,ARS,NEW,0,1,0,0,0,5
587,16,Balotelli,45,LIV,MUN,0,0,1,0,0,0
393,16,Kane,90,TOT,SWA,1,0,0,0,2,8
394,16,Soldado,55,TOT,SWA,0,0,0,0,0,1
282,16,van Persie,90,MUN,LIV,1,1,0,0,2,11
284,16,Rooney,77,MUN,LIV,1,0,1,0,0,5
286,16,Wilson,70,MUN,LIV,0,0,0,0,0,2
603,16,Falcao,13,MUN,LIV,0,0,0,0,0,1
472,16,Bony,84,SWA,TOT,1,0,0,0,1,7
474,16,Gomis,6,SWA,TOT,0,0,0,0,0,1
336,16,Zamora,32,QPR,EVE,1,0,0,0,0,5
585,16,Vargas,90,QPR,EVE,0,0,0,0,0,2
103,16,Lukaku,76,EVE,QPR,0,1,0,0,0,5
152,16,Naismith,90,EVE,QPR,1,1,0,0,3,12
153,16,Koné,1,EVE,QPR,0,0,0,0,0,1
589,16,Eto'o,14,EVE,QPR,0,0,0,0,0,1
536,17,Campbell,66,CRY,MCI,0,0,0,0,0,2
282,17,van Persie,60,MUN,AVL,0,0,0,0,0,2
284,17,Rooney,90,MUN,AVL,0,0,0,0,0,2
286,17,Wilson,17,MUN,AVL,0,0,0,0,0,1
603,17,Falcao,90,MUN,AVL,1,0,0,0,3,9
472,17,Bony,15,SWA,HUL,0,0,0,0,0,1
474,17,Gomis,75,SWA,HUL,0,0,0,0,0,2
475,17,Emnes,34,SWA,HUL,0,0,0,0,0,1
496,17,Berahino,22,WBA,QPR,0,0,0,0,0,1
531,17,Ideye,68,WBA,QPR,0,0,0,0,0,2
103,17,Lukaku,90,EVE,SOU,0,0,0,0,0,0
152,17,Naismith,90,EVE,SOU,0,0,0,0,0,2
589,17,Eto'o,90,EVE,SOU,0,0,0,0,0,2
73,17,Ings,90,BUR,TOT,0,0,0,0,0,2
75,17,Barnes,88,BUR,TOT,1,0,0,0,1,7
523,17,Jutkiewicz,2,BUR,TOT,0,0,0,0,0,1
195,17,Nugent,29,LEI,WHU,0,0,0,0,0,1
196,17,Vardy,61,LEI,WHU,0,0,1,0,0,1
532,17,Ulloa,30,LEI,WHU,0,0,1,0,0,0
52,17,Agbonlahor,64,AVL,MUN,0,0,0,1,0,-1
53,17,Weimann,79,AVL,MUN,0,0,0,0,0,2
54,17,Benteke,90,AVL,MUN,1,0,0,0,2,8
174,17,Jelavic,80,HUL,SWA,0,0,0,0,0,2
177,17,Sagbo,10,HUL,SWA,0,0,0,0,0,1
594,17,Hernández,90,HUL,SWA,0,0,0,0,0,2
336,17,Zamora,79,QPR,WBA,0,1,0,0,0,5
337,17,Austin,90,QPR,WBA,3,0,0,0,3,17
585,17,Vargas,66,QPR,WBA,0,0,0,0,0,2
176,17,Long,88,SOU,EVE,0,1,0,0,0,5
362,17,Pellè,90,SOU,EVE,1,0,0,0,0,6
393,17,Kane,83,TOT,BUR,1,0,0,0,2,8
394,17,Soldado,7,TOT,BUR,0,0,0,0,0,1
516,17,Carroll,90,WHU,LEI,1,0,0,0,0,6
530,17,Valencia,12,WHU,LEI,0,0,0,0,0,1
570,17,Sakho,78,WHU,LEI,0,1,0,0,0,5
440,17,Wickham,80,SUN,NEW,0,0,1,0,0,1
441,17,Fletcher,90,SUN,NEW,0,0,0,0,0,2
25,17,Giroud,81,ARS,LIV,1,0,0,0,0,6
28,17,Campbell,1,ARS,LIV,0,0,0,0,0,1
285,17,Welbeck,90,ARS,LIV,0,0,0,0,0,2
314,17,Cissé,16,NEW,SUN,0,0,0,0,0,1
316,17,Armstrong,32,NEW,SUN,0,0,0,0,0,1
317,17,Ayoze,90,NEW,SUN,0,0,0,0,0,2
229,17,Lambert,10,LIV,ARS,0,0,0,0,0,1
230,17,Borini,18,LIV,ARS,0,0,0,1,0,-2
522,17,Costa,84,CHE,STK,0,0,0,0,0,2
542,17,Drogba,6,CHE,STK,0,0,0,0,0,1
419,17,Crouch,62,STK,CHE,0,0,0,0,0,2
421,17,Diouf,28,STK,CHE,0,0,0,0,0,1
533,17,Bojan,90,STK,CHE,0,0,0,0,0,2
516,18,Carroll,58,WHU,CHE,0,0,0,0,0,1
530,18,Valencia,90,WHU,CHE,0,0,0,0,0,2
570,18,Sakho,32,WHU,CHE,0,0,0,0,0,1
229,18,Lambert,18,LIV,BUR,0,0,0,0,0,1
176,18,Long,19,SOU,CRY,0,0,0,0,0,1
362,18,Pellè,71,SOU,CRY,0,0,0,0,0,2
419,18,Crouch,1,STK,EVE,0,0,0,0,0,1
421,18,Diouf,90,STK,EVE,0,0,0,0,0,2
533,18,Bojan,66,STK,EVE,1,0,0,0,3,9
393,18,Kane,83,TOT,LEI,1,1,0,0,3,12
394,18,Soldado,28,TOT,LEI,0,0,0,0,0,1
314,18,Cissé,28,NEW,MUN,1,0,0,0,1,6
316,18,Armstrong,62,NEW,MUN,0,0,0,0,0,2
317,18,Ayoze,81,NEW,MUN,0,0,0,0,0,2
174,18,Jelavic,2,HUL,SUN,1,0,0,0,0,5
177,18,Sagbo,13,HUL,SUN,0,0,0,0,0,1
52,18,Agbonlahor,90,AVL,SWA,0,0,1,0,0,1
53,18,Weimann,45,AVL,SWA,0,0,0,0,0,1
54,18,Benteke,90,AVL,SWA,0,0,0,0,0,2
336,18,Zamora,20,QPR,ARS,0,0,0,0,0,1
337,18,Austin,90,QPR,ARS,1,0,0,0,1,7
585,18,Vargas,90,QPR,ARS,0,0,0,0,0,2
522,18,Costa,82,CHE,WHU,1,1,0,0,2,11
542,18,Drogba,8,CHE,WHU,0,0,0,0,0,1
73,18,Ings,90,BUR,LIV,0,0,0,0,0,2
74,18,Vokes,11,BUR,LIV,0,0,0,0,0,1
75,18,Barnes,79,BUR,LIV,0,0,0,0,0,2
523,18,Jutkiewicz,1,BUR,LIV,0,0,0,0,0,1
127,18,Gayle,42,CRY,SOU,0,0,0,0,0,1
536,18,Campbell,48,CRY,SOU,0,0,0,0,0,1
103,18,Lukaku,90,EVE,STK,0,0,0,0,0,2
152,18,Naismith,90,EVE,STK,0,0,1,0,0,1
589,18,Eto'o,22,EVE,STK,0,0,0,0,0,1
195,18,Nugent,74,LEI,TOT,0,0,0,0,0,2
196,18,Vardy,16,LEI,TOT,0,0,1,0,0,0
532,18,Ulloa,90,LEI,TOT,1,0,0,0,2,8
282,18,van Persie,90,MUN,NEW,1,0,1,0,2,7
284,18,Rooney,90,MUN,NEW,2,1,0,0,3,16
286,18,Wilson,26,MUN,NEW,0,0,0,0,0,1
603,18,Falcao,64,MUN,NEW,0,1,0,0,0,5
441,18,Fletcher,90,SUN,HUL,0,0,1,0,0,1
444,18,Altidore,29,SUN,HUL,0,0,0,0,0,1
472,18,Bony,90,SWA,AVL,0,0,0,0,0,2
475,18,Emnes,13,SWA,AVL,0,0,0,0,0,1
496,18,Berahino,90,WBA,MCI,0,0,0,0,0,2
531,18,Ideye,24,WBA,MCI,1,0,0,0,0,5
25,18,Giroud,52,ARS,QPR,0,0,0,1,0,-2
285,18,Welbeck,87,ARS,QPR,0,0,0,0,0,2
282,19,van Persie,90,MUN,TOT,0,0,0,0,0,2
284,19,Rooney,90,MUN,TOT,0,0,0,0,0,2
603,19,Falcao,90,MUN,TOT,0,0,1,0,0,1
335,19,Remy,2,CHE,SOU,0,0,0,0,0,1
522,19,Costa,88,CHE,SOU,0,0,0,0,0,2
542,19,Drogba,17,CHE,SOU,0,0,0,0,0,1
440,19,Wickham,90,SUN,AVL,0,0,0,0,0,2
441,19,Fletcher,90,SUN,AVL,0,0,0,0,0,2
195,19,Nugent,90,LEI,HUL,0,1,0,0,0,5
197,19,Wood,36,LEI,HUL,0,0,0,0,0,1
532,19,Ulloa,54,LEI,HUL,0,0,0,0,0,1
73,19,Ings,90,BUR,MCI,0,1,0,0,0,5
75,19,Barnes,90,BUR,MCI,1,0,0,0,2,8
536,19,Campbell,24,CRY,QPR,0,0,0,0,0,1
496,19,Berahino,28,WBA,STK,0,0,0,0,0,1
531,19,Ideye,90,WBA,STK,0,0,0,0,0,2
285,19,Welbeck,84,ARS,WHU,1,0,0,0,2,8
103,19,Lukaku,19,EVE,NEW,0,0,0,0,0,1
153,19,Koné,71,EVE,NEW,1,0,0,0,0,6
589,19,Eto'o,90,EVE,NEW,0,0,0,0,0,2
393,19,Kane,90,TOT,MUN,0,0,0,0,0,2
176,19,Long,14,SOU,CHE,0,0,0,0,0,1
362,19,Pellè,90,SOU,CHE,0,0,1,0,0,1
53,19,Weimann,90,AVL,SUN,0,0,0,0,0,2
54,19,Benteke,90,AVL,SUN,0,0,0,0,0,2
174,19,Jelavic,45,HUL,LEI,0,0,0,0,0,1
594,19,Hernández,29,HUL,LEI,0,0,0,0,0,1
256,19,Jovetic,29,MCI,BUR,0,0,0,0,0,1
336,19,Zamora,74,QPR,CRY,0,0,0,0,0,2
337,19,Austin,90,QPR,CRY,0,0,0,0,0,2
585,19,Vargas,26,QPR,CRY,0,0,0,0,0,1
419,19,Crouch,62,STK,WBA,0,0,0,0,0,2
421,19,Diouf,90,STK,WBA,2,0,0,0,3,13
533,19,Bojan,77,STK,WBA,0,0,0,0,0,2
516,19,Carroll,90,WHU,ARS,0,0,1,0,0,1
530,19,Valencia,29,WHU,ARS,0,0,0,0,0,1
570,19,Sakho,61,WHU,ARS,0,0,0,0,0,2
314,19,Cissé,72,NEW,EVE,1,0,0,0,2,8
317,19,Ayoze,90,NEW,EVE,1,0,0,0,3,9
526,19,Rivière,18,NEW,EVE,0,0,0,0,0,1
472,19,Bony,61,SWA,LIV,0,0,0,0,0,2
474,19,Gomis,29,SWA,LIV,0,0,0,0,0,1
230,19,Borini,1,LIV,SWA,0,0,0,0,0,1
587,19,Balotelli,8,LIV,SWA,0,0,0,0,0,1
282,20,van Persie,90,MUN,STK,0,0,0,0,0,2
284,20,Rooney,90,MUN,STK,0,0,0,0,0,2
603,20,Falcao,63,MUN,STK,1,0,0,0,1,7
127,20,Gayle,29,CRY,AVL,0,0,0,0,0,1
103,20,Lukaku,45,EVE,HUL,0,0,0,0,0,1
152,20,Naismith,90,EVE,HUL,0,0,0,0,0,2
153,20,Koné,90,EVE,HUL,0,0,1,0,0,1
195,20,Nugent,54,LEI,LIV,1,0,0,0,1,6
196,20,Vardy,74,LEI,LIV,0,1,0,0,0,5
532,20,Ulloa,16,LEI,LIV,0,0,0,0,0,1
440,20,Wickham,90,SUN,MCI,0,0,0,0,0,2
73,20,Ings,90,BUR,NEW,1,0,1,0,0,5
75,20,Barnes,90,BUR,NEW,0,0,0,0,0,2
472,20,Bony,20,SWA,QPR,1,0,0,0,3,8
474,20,Gomis,90,SWA,QPR,0,0,0,0,0,2
475,20,Emnes,31,SWA,QPR,0,0,0,0,0,1
27,20,Akpom,7,ARS,SOU,0,0,0,0,0,1
496,20,Berahino,72,WBA,WHU,1,0,0,0,3,9
531,20,Ideye,18,WBA,WHU,0,0,0,0,0,1
522,20,Costa,90,CHE,TOT,1,0,0,0,0,6
419,20,Crouch,90,STK,MUN,0,1,0,0,0,5
421,20,Diouf,90,STK,MUN,0,0,0,0,0,2
52,20,Agbonlahor,90,AVL,CRY,0,0,0,0,0,2
53,20,Weimann,82,AVL,CRY,0,0,0,0,0,2
54,20,Benteke,90,AVL,CRY,0,0,0,0,0,2
174,20,Jelavic,90,HUL,EVE,1,0,0,0,0,6
594,20,Hernández,90,HUL,EVE,0,1,0,0,0,5
229,20,Lambert,6,LIV,LEI,0,0,0,0,0,1
230,20,Borini,36,LIV,LEI,0,0,0,0,0,1
256,20,Jovetic,69,MCI,SUN,1,1,0,0,2,11
316,20,Armstrong,34,NEW,BUR,0,1,0,0,0,4
317,20,Ayoze,90,NEW,BUR,0,0,0,0,0,2
526,20,Rivière,56,NEW,BUR,0,0,0,0,0,1
336,20,Zamora,82,QPR,SWA,0,0,0,0,0,2
337,20,Austin,90,QPR,SWA,0,0,0,0,0,2
585,20,Vargas,90,QPR,SWA,0,0,0,0,0,2
176,20,Long,6,SOU,ARS,0,0,0,0,0,1
362,20,Pellè,90,SOU,ARS,0,0,0,0,0,2
516,20,Carroll,83,WHU,WBA,0,0,0,0,0,2
520,20,Cole,7,WHU,WBA,0,0,0,0,0,1
530,20,Valencia,19,WHU,WBA,0,0,0,0,0,1
570,20,Sakho,71,WHU,WBA,1,0,0,0,0,6
393,20,Kane,90,TOT,CHE,2,2,1,0,3,18
230,21,Borini,66,LIV,SUN,0,1,1,0,0,4
587,21,Balotelli,24,LIV,SUN,0,0,0,0,0,1
336,21,Zamora,22,QPR,BUR,0,0,0,0,0,1
337,21,Austin,90,QPR,BUR,1,0,0,0,2,8
521,21,Zárate,15,QPR,BUR,0,0,0,0,0,1
585,21,Vargas,75,QPR,BUR,0,0,0,0,0,2
317,21,Ayoze,90,NEW,CHE,0,0,0,0,0,2
526,21,Rivière,7,NEW,CHE,0,0,0,0,0,1
254,21,Agüero,24,MCI,EVE,0,0,0,0,0,1
256,21,Jovetic,66,MCI,EVE,0,0,0,0,0,2
52,21,Agbonlahor,90,AVL,LEI,0,0,0,0,0,2
53,21,Weimann,19,AVL,LEI,0,0,0,0,0,1
54,21,Benteke,90,AVL,LEI,0,0,0,0,0,2
516,21,Carroll,90,WHU,SWA,1,0,0,0,3,9
530,21,Valencia,70,WHU,SWA,0,0,0,0,0,2
174,21,Jelavic,32,HUL,WBA,0,0,0,0,0,1
594,21,Hernández,38,HUL,WBA,0,0,0,0,0,1
393,21,Kane,90,TOT,CRY,1,0,0,0,1,7
394,21,Soldado,16,TOT,CRY,0,0,0,0,0,1
440,21,Wickham,76,SUN,LIV,0,0,0,0,0,2
442,21,Mandron,5,SUN,LIV,0,0,0,0,0,1
446,21,Graham,14,SUN,LIV,0,0,0,0,0,1
73,21,Ings,90,BUR,QPR,1,0,0,0,3,9
74,21,Vokes,18,BUR,QPR,0,0,0,0,0,1
75,21,Barnes,72,BUR,QPR,0,1,1,0,0,4
335,21,Remy,7,CHE,NEW,0,0,0,0,0,1
522,21,Costa,83,CHE,NEW,1,0,0,0,0,6
103,21,Lukaku,90,EVE,MCI,0,0,0,0,0,2
152,21,Naismith,90,EVE,MCI,1,0,0,0,2,8
195,21,Nugent,90,LEI,AVL,0,0,0,0,0,2
196,21,Vardy,19,LEI,AVL,0,0,0,0,0,1
287,21,Lawrence,19,LEI,AVL,0,0,0,0,0,1
532,21,Ulloa,71,LEI,AVL,0,0,0,0,0,2
474,21,Gomis,90,SWA,WHU,0,1,0,0,0,5
475,21,Emnes,29,SWA,WHU,0,0,0,0,0,1
627,21,Barrow,29,SWA,WHU,0,0,0,0,0,1
658,21,Nélson Oliveira,17,SWA,WHU,0,0,0,0,0,1
495,21,Anichebe,18,WBA,HUL,0,1,0,0,0,4
496,21,Berahino,90,WBA,HUL,1,0,0,0,3,9
531,21,Ideye,72,WBA,HUL,0,0,0,0,0,2
126,21,Murray,73,CRY,TOT,0,0,0,0,0,2
127,21,Gayle,86,CRY,TOT,1,0,0,0,2,8
536,21,Campbell,4,CRY,TOT,0,0,1,0,0,0
419,21,Crouch,90,STK,ARS,0,0,1,0,0,1
533,21,Bojan,72,STK,ARS,0,0,0,0,0,2
362,21,Pellè,90,SOU,MUN,0,1,1,0,0,4
25,21,Giroud,72,ARS,STK,0,0,0,0,0,2
282,21,van Persie,60,MUN,SOU,0,0,1,0,0,1
284,21,Rooney,90,MUN,SOU,0,0,0,0,0,2
229,22,Lambert,20,LIV,AVL,1,0,1,0,0,4
230,22,Borini,70,LIV,AVL,1,0,0,0,1,7
26,22,Sanogo,78,CRY,BUR,0,0,1,0,0,1
126,22,Murray,12,CRY,BUR,0,0,0,0,0,1
127,22,Gayle,90,CRY,BUR,2,1,0,0,3,16
419,22,Crouch,10,STK,LEI,0,0,0,0,0,1
533,22,Bojan,90,STK,LEI,1,0,0,0,3,9
284,22,Rooney,90,MUN,QPR,0,0,0,0,0,2
286,22,Wilson,34,MUN,QPR,1,0,0,0,0,5
603,22,Falcao,90,MUN,QPR,0,0,0,0,0,2
440,22,Wickham,26,SUN,TOT,0,0,0,0,0,1
441,22,Fletcher,64,SUN,TOT,0,0,0,0,0,2
446,22,Graham,16,SUN,TOT,0,0,0,0,0,1
662,22,Defoe,74,SUN,TOT,0,1,0,0,0,5
335,22,Remy,16,CHE,SWA,0,0,0,0,0,1
522,22,Costa,74,CHE,SWA,2,1,0,0,3,16
176,22,Long,31,SOU,NEW,0,1,1,0,0,3
362,22,Pellè,90,SOU,NEW,0,0,0,0,0,2
52,22,Agbonlahor,90,AVL,LIV,0,0,0,0,0,2
53,22,Weimann,32,AVL,LIV,0,0,0,0,0,1
54,22,Benteke,90,AVL,LIV,0,0,0,0,0,2
73,22,Ings,90,BUR,CRY,1,0,0,0,1,7
74,22,Vokes,18,BUR,CRY,0,0,0,0,0,1
75,22,Barnes,72,BUR,CRY,0,0,0,0,0,2
76,22,Sordell,1,BUR,CRY,0,0,0,0,0,1
195,22,Nugent,70,LEI,STK,0,0,0,0,0,2
196,22,Vardy,64,LEI,STK,0,0,0,0,0,2
287,22,Lawrence,20,LEI,STK,0,0,0,0,0,1
532,22,Ulloa,20,LEI,STK,0,0,0,0,0,1
663,22,Kramaric,26,LEI,STK,0,0,0,0,0,1
336,22,Zamora,79,QPR,MUN,0,0,0,0,0,2
337,22,Austin,90,QPR,MUN,0,0,0,0,0,2
585,22,Vargas,90,QPR,MUN,0,0,0,0,0,2
392,22,Adebayor,30,TOT,SUN,0,0,0,0,0,1
393,22,Kane,90,TOT,SUN,0,0,0,0,0,2
394,22,Soldado,60,TOT,SUN,0,0,0,0,0,2
474,22,Gomis,90,SWA,CHE,0,0,0,0,0,2
475,22,Emnes,59,SWA,CHE,0,0,0,0,0,1
627,22,Barrow,16,SWA,CHE,0,0,0,0,0,1
658,22,Nélson Oliveira,65,SWA,CHE,0,0,0,0,0,2
317,22,Ayoze,90,NEW,SOU,0,0,0,0,0,2
526,22,Rivière,23,NEW,SOU,0,0,0,0,0,1
177,22,Sagbo,19,HUL,WHU,0,0,0,0,0,1
25,22,Giroud,90,ARS,MCI,1,0,0,0,2,8
516,22,Carroll,90,WHU,HUL,1,0,0,0,1,7
530,22,Valencia,90,WHU,HUL,0,2,0,0,3,11
253,22,Dzeko,15,MCI,ARS,0,0,0,0,0,1
254,22,Agüero,90,MCI,ARS,0,0,1,0,0,1
256,22,Jovetic,45,MCI,ARS,0,0,0,0,0,1
495,22,Anichebe,78,WBA,EVE,0,0,0,0,0,2
496,22,Berahino,69,WBA,EVE,0,0,0,0,0,2
531,22,Ideye,12,WBA,EVE,0,0,0,0,0,1
103,22,Lukaku,90,EVE,WBA,0,0,0,0,0,2
152,22,Naismith,90,EVE,WBA,0,0,0,0,0,2
153,22,Koné,12,EVE,WBA,0,0,0,0,0,1
314,23,Cissé,9,NEW,HUL,0,0,0,0,0,1
317,23,Ayoze,81,NEW,HUL,0,0,0,0,0,2
103,23,Lukaku,90,EVE,CRY,1,0,0,0,1,7
152,23,Naismith,90,EVE,CRY,0,1,0,0,0,5
153,23,Koné,1,EVE,CRY,0,0,0,0,0,1
516,23,Carroll,62,WHU,LIV,0,0,1,0,0,1
520,23,Cole,28,WHU,LIV,0,0,0,0,0,1
530,23,Valencia,90,WHU,LIV,0,0,0,0,0,2
195,23,Nugent,29,LEI,MUN,0,0,0,0,0,1
196,23,Vardy,45,LEI,MUN,0,0,0,0,0,1
532,23,Ulloa,61,LEI,MUN,0,0,0,0,0,2
663,23,Kramaric,61,LEI,MUN,0,0,0,0,0,2
336,23,Zamora,45,QPR,STK,0,0,0,0,0,1
337,23,Austin,90,QPR,STK,0,1,0,0,0,5
585,23,Vargas,90,QPR,STK,0,0,0,0,0,2
73,23,Ings,60,BUR,SUN,0,0,0,0,0,2
74,23,Vokes,15,BUR,SUN,0,0,0,0,0,1
75,23,Barnes,75,BUR,SUN,0,0,0,0,0,2
523,23,Jutkiewicz,30,BUR,SUN,0,0,0,0,0,1
393,23,Kane,87,TOT,WBA,2,0,0,0,3,13
394,23,Soldado,3,TOT,WBA,0,0,0,0,0,1
253,23,Dzeko,7,MCI,CHE,0,0,0,0,0,1
254,23,Agüero,83,MCI,CHE,0,1,0,0,0,5
256,23,Jovetic,1,MCI,CHE,0,0,0,0,0,1
174,23,Jelavic,90,HUL,NEW,0,0,0,0,0,2
594,23,Hernández,66,HUL,NEW,0,0,0,0,0,2
26,23,Sanogo,70,CRY,EVE,0,0,0,0,0,2
126,23,Murray,20,CRY,EVE,0,0,0,0,0,1
127,23,Gayle,90,CRY,EVE,0,0,0,0,0,2
129,23,Chamakh,24,CRY,EVE,0,0,0,0,0,1
227,23,Sturridge,23,LIV,WHU,1,0,0,0,0,5
282,23,van Persie,67,MUN,LEI,1,0,0,0,1,7
284,23,Rooney,90,MUN,LEI,0,0,0,0,0,2
286,23,Wilson,11,MUN,LEI,0,0,0,0,0,1
603,23,Falcao,79,MUN,LEI,1,0,0,0,2,8
419,23,Crouch,28,STK,QPR,0,0,0,0,0,1
440,23,Wickham,75,SUN,BUR,1,0,0,0,0,6
441,23,Fletcher,16,SUN,BUR,0,0,0,0,0,1
446,23,Graham,15,SUN,BUR,0,0,0,0,0,1
662,23,Defoe,74,SUN,BUR,1,0,0,0,0,6
495,23,Anichebe,90,WBA,TOT,0,0,0,0,0,2
496,23,Berahino,90,WBA,TOT,0,0,1,0,0,1
531,23,Ideye,31,WBA,TOT,0,0,0,0,0,1
335,23,Remy,86,CHE,MCI,1,0,0,0,1,7
542,23,Drogba,11,CHE,MCI,0,0,0,0,0,1
52,23,Agbonlahor,25,AVL,ARS,0,0,0,0,0,1
53,23,Weimann,65,AVL,ARS,0,0,0,0,0,2
54,23,Benteke,90,AVL,ARS,0,0,0,0,0,2
474,23,Gomis,90,SWA,SOU,0,0,0,0,0,2
475,23,Emnes,15,SWA,SOU,0,0,0,0,0,1
627,23,Barrow,77,SWA,SOU,0,1,0,0,0,5
25,23,Giroud,69,ARS,AVL,1,1,0,0,1,10
27,23,Akpom,21,ARS,AVL,0,1,0,0,0,4
362,23,Pellè,90,SOU,SWA,0,0,0,0,0,2
649,23,Seager,1,SOU,SWA,0,0,0,0,0,1
25,24,Giroud,90,ARS,TOT,0,1,1,0,0,4
27,24,Akpom,2,ARS,TOT,0,0,0,0,0,1
285,24,Welbeck,77,ARS,TOT,0,0,1,0,0,1
335,24,Remy,27,CHE,AVL,0,0,0,0,0,1
542,24,Drogba,63,CHE,AVL,0,0,0,0,0,2
26,24,Sanogo,45,CRY,LEI,0,0,0,0,0,1
127,24,Gayle,77,CRY,LEI,0,0,0,0,0,2
676,24,N'Doye,15,HUL,MCI,0,0,0,0,0,1
362,24,Pellè,90,SOU,QPR,0,0,0,0,0,2
441,24,Fletcher,15,SUN,SWA,0,0,1,0,0,0
446,24,Graham,75,SUN,SWA,0,0,0,0,0,2
662,24,Defoe,90,SUN,SWA,1,0,0,0,1,7
227,24,Sturridge,35,LIV,EVE,0,0,0,0,0,1
229,24,Lambert,9,LIV,EVE,0,0,0,0,0,1
495,24,Anichebe,17,WBA,BUR,0,0,0,0,0,1
496,24,Berahino,73,WBA,BUR,0,0,0,0,0,2
531,24,Ideye,45,WBA,BUR,1,0,1,0,0,4
419,24,Crouch,9,STK,NEW,1,0,0,0,2,7
421,24,Diouf,90,STK,NEW,0,0,0,0,0,2
282,24,van Persie,90,MUN,WHU,0,0,0,0,0,2
284,24,Rooney,90,MUN,WHU,0,0,1,0,0,1
603,24,Falcao,90,MUN,WHU,0,0,0,0,0,2
393,24,Kane,90,TOT,ARS,2,0,1,0,3,12
52,24,Agbonlahor,67,AVL,CHE,0,0,0,0,0,2
53,24,Weimann,79,AVL,CHE,0,0,0,0,0,2
54,24,Benteke,23,AVL,CHE,0,0,0,0,0,1
195,24,Nugent,70,LEI,CRY,0,0,0,0,0,2
196,24,Vardy,12,LEI,CRY,0,0,0,0,0,1
532,24,Ulloa,90,LEI,CRY,0,0,1,0,0,1
663,24,Kramaric,20,LEI,CRY,0,0,0,0,0,1
253,24,Dzeko,65,MCI,HUL,0,0,0,0,0,2
254,24,Agüero,90,MCI,HUL,0,1,0,0,0,5
256,24,Jovetic,17,MCI,HUL,0,0,0,0,0,1
337,24,Austin,90,QPR,SOU,0,0,0,0,0,2
521,24,Zárate,28,QPR,SOU,0,0,0,0,0,1
585,24,Vargas,8,QPR,SOU,0,0,0,0,0,1
474,24,Gomis,90,SWA,SUN,0,0,0,0,0,2
627,24,Barrow,45,SWA,SUN,0,0,0,0,0,1
658,24,Nélson Oliveira,12,SWA,SUN,0,0,0,0,0,1
103,24,Lukaku,90,EVE,LIV,0,0,0,0,0,2
152,24,Naismith,84,EVE,LIV,0,0,1,0,0,1
73,24,Ings,90,BUR,WBA,1,1,0,0,2,11
75,24,Barnes,90,BUR,WBA,1,0,0,0,1,7
314,24,Cissé,26,NEW,STK,0,0,0,0,0,1
317,24,Ayoze,90,NEW,STK,0,0,0,0,0,2
530,24,Valencia,83,WHU,MUN,0,0,0,0,0,2
570,24,Sakho,90,WHU,MUN,0,0,0,0,0,2
195,25,Nugent,5,LEI,ARS,0,0,0,0,0,1
532,25,Ulloa,10,LEI,ARS,0,0,0,0,0,1
663,25,Kramaric,90,LEI,ARS,1,0,0,0,1,7
52,25,Agbonlahor,90,AVL,HUL,0,0,1,0,0,1
53,25,Weimann,45,AVL,HUL,0,0,0,0,0,1
54,25,Benteke,45,AVL,HUL,0,0,0,0,0,1
336,25,Zamora,90,QPR,SUN,1,0,1,0,0,5
521,25,Zárate,16,QPR,SUN,0,0,0,0,0,1
393,25,Kane,90,TOT,LIV,1,1,1,0,3,11
394,25,Soldado,6,TOT,LIV,0,0,0,0,0,1
25,25,Giroud,23,ARS,LEI,0,0,1,0,0,0
174,25,Jelavic,65,HUL,AVL,1,0,0,0,2,8
594,25,Hernández,4,HUL,AVL,0,0,0,0,0,1
676,25,N'Doye,86,HUL,AVL,1,1,0,0,3,12
440,25,Wickham,81,SUN,QPR,0,0,0,0,0,2
441,25,Fletcher,9,SUN,QPR,0,0,0,0,0,1
662,25,Defoe,90,SUN,QPR,0,0,0,0,0,2
227,25,Sturridge,73,LIV,TOT,0,2,0,0,0,8
587,25,Balotelli,17,LIV,TOT,1,0,0,0,1,6
103,25,Lukaku,90,EVE,CHE,0,0,0,0,0,2
152,25,Naismith,90,EVE,CHE,0,0,0,0,0,2
73,25,Ings,90,BUR,MUN,1,0,0,0,1,7
74,25,Vokes,5,BUR,MUN,0,0,0,0,0,1
75,25,Barnes,90,BUR,MUN,0,0,0,0,0,2
523,25,Jutkiewicz,1,BUR,MUN,0,0,0,0,0,1
516,25,Carroll,36,WHU,SOU,0,0,0,0,0,1
520,25,Cole,62,WHU,SOU,0,0,1,0,0,1
530,25,Valencia,45,WHU,SOU,0,0,0,0,0,1
570,25,Sakho,54,WHU,SOU,0,0,0,0,0,1
253,25,Dzeko,18,MCI,STK,0,1,0,0,0,4
254,25,Agüero,72,MCI,STK,2,0,1,0,2,11
314,25,Cissé,77,NEW,CRY,1,0,0,0,3,9
317,25,Ayoze,90,NEW,CRY,0,0,0,0,0,2
526,25,Rivière,1,NEW,CRY,0,0,0,0,0,1
474,25,Gomis,90,SWA,WBA,0,0,0,0,0,2
658,25,Nélson Oliveira,29,SWA,WBA,0,0,0,0,0,1
335,25,Remy,69,CHE,EVE,0,0,0,0,0,2
542,25,Drogba,21,CHE,EVE,0,0,0,0,0,1
282,25,van Persie,90,MUN,BUR,1,0,0,0,2,8
284,25,Rooney,90,MUN,BUR,0,0,1,0,0,1
286,25,Wilson,17,MUN,BUR,0,0,1,0,0,0
603,25,Falcao,73,MUN,BUR,0,1,1,0,0,4
362,25,Pellè,90,SOU,WHU,0,0,0,0,0,2
419,25,Crouch,90,STK,MCI,1,0,0,0,0,6
421,25,Diouf,90,STK,MCI,0,0,0,0,0,2
26,25,Sanogo,25,CRY,NEW,0,0,0,0,0,1
127,25,Gayle,25,CRY,NEW,0,0,0,0,0,1
129,25,Chamakh,65,CRY,NEW,0,0,0,0,0,2
536,25,Campbell,65,CRY,NEW,1,0,0,0,2,8
496,25,Berahino,90,WBA,SWA,1,0,0,0,2,8
531,25,Ideye,90,WBA,SWA,1,1,1,0,3,11
421,26,Diouf,90,STK,AVL,1,0,0,0,3,9
73,26,Ings,90,BUR,CHE,0,0,0,0,0,2
74,26,Vokes,12,BUR,CHE,0,0,0,0,0,1
75,26,Barnes,90,BUR,CHE,0,0,0,0,0,2
25,26,Giroud,90,ARS,CRY,1,0,1,0,2,7
285,26,Welbeck,76,ARS,CRY,0,2,0,0,1,9
336,26,Zamora,63,QPR,HUL,0,0,1,0,0,1
337,26,Austin,74,QPR,HUL,1,0,0,0,3,9
521,26,Zárate,16,QPR,HUL,0,0,1,0,0,0
496,26,Berahino,90,WBA,SUN,0,0,0,0,0,2
531,26,Ideye,90,WBA,SUN,0,0,0,0,0,2
282,26,van Persie,90,MUN,SWA,0,0,0,0,0,2
284,26,Rooney,90,MUN,SWA,0,0,0,0,0,2
314,26,Cissé,90,NEW,MCI,0,0,0,0,0,2
317,26,Ayoze,90,NEW,MCI,0,0,0,0,0,2
52,26,Agbonlahor,90,AVL,STK,0,0,0,0,0,2
53,26,Weimann,33,AVL,STK,0,0,0,0,0,1
54,26,Benteke,90,AVL,STK,0,0,0,0,0,2
522,26,Costa,90,CHE,BUR,0,0,0,0,0,2
542,26,Drogba,5,CHE,BUR,0,0,0,0,0,1
126,26,Murray,12,CRY,ARS,1,0,0,0,0,5
127,26,Gayle,78,CRY,ARS,0,0,0,0,0,2
536,26,Campbell,56,CRY,ARS,0,0,0,0,0,1
668,26,Ameobi,11,CRY,ARS,0,0,0,0,0,1
174,26,Jelavic,90,HUL,QPR,1,0,0,0,1,7
594,26,Hernández,24,HUL,QPR,0,0,0,0,0,1
676,26,N'Doye,90,HUL,QPR,1,0,0,0,0,6
440,26,Wickham,23,SUN,WBA,0,0,0,0,0,1
441,26,Fletcher,23,SUN,WBA,0,0,0,0,0,1
446,26,Graham,67,SUN,WBA,0,0,0,0,0,2
662,26,Defoe,90,SUN,WBA,0,0,0,0,0,2
474,26,Gomis,90,SWA,MUN,1,0,0,0,0,6
253,26,Dzeko,90,MCI,NEW,1,2,1,0,0,11
254,26,Agüero,59,MCI,NEW,1,1,0,0,1,9
472,26,Bony,31,MCI,NEW,0,0,0,0,0,1
520,26,Cole,19,WHU,TOT,0,0,0,0,0,1
530,26,Valencia,74,WHU,TOT,0,0,0,0,0,2
570,26,Sakho,90,WHU,TOT,1,0,0,0,0,6
195,26,Nugent,29,LEI,EVE,1,0,0,0,0,5
196,26,Vardy,29,LEI,EVE,0,2,0,0,1,8
663,26,Kramaric,90,LEI,EVE,0,0,0,0,0,2
227,26,Sturridge,29,LIV,SOU,0,0,0,0,0,1
393,26,Kane,90,TOT,WHU,1,0,0,0,0,4
394,26,Soldado,31,TOT,WHU,0,0,0,0,0,1
103,26,Lukaku,90,EVE,LEI,0,2,0,0,0,8
152,26,Naismith,84,EVE,LEI,1,0,0,0,3,9
362,26,Pellè,90,SOU,LIV,0,0,0,0,0,2
126,27,Murray,68,CRY,WHU,2,0,0,1,2,9
668,27,Ameobi,19,CRY,WHU,0,0,0,0,0,1
474,27,Gomis,90,SWA,BUR,0,0,0,0,0,2
658,27,Nélson Oliveira,1,SWA,BUR,0,0,0,0,0,1
440,27,Wickham,66,SUN,MUN,0,0,0,0,0,2
441,27,Fletcher,10,SUN,MUN,0,0,0,0,0,1
446,27,Graham,24,SUN,MUN,0,0,0,0,0,1
662,27,Defoe,66,SUN,MUN,0,0,0,0,0,2
52,27,Agbonlahor,72,AVL,NEW,0,0,1,0,0,1
53,27,Weimann,18,AVL,NEW,0,0,0,0,0,1
54,27,Benteke,90,AVL,NEW,0,0,0,0,0,2
594,27,Hernández,13,HUL,STK,0,0,0,0,0,1
676,27,N'Doye,35,HUL,STK,0,0,0,0,0,1
176,27,Long,17,SOU,WBA,0,0,0,0,0,1
362,27,Pellè,90,SOU,WBA,0,0,0,0,0,2
530,27,Valencia,90,WHU,CRY,1,0,1,0,0,5
570,27,Sakho,90,WHU,CRY,0,0,0,0,0,2
73,27,Ings,90,BUR,SWA,0,0,0,0,0,2
74,27,Vokes,16,BUR,SWA,0,0,0,0,0,1
75,27,Barnes,89,BUR,SWA,0,0,0,0,0,2
523,27,Jutkiewicz,1,BUR,SWA,0,0,0,0,0,1
284,27,Rooney,85,MUN,SUN,2,0,0,0,3,13
603,27,Falcao,67,MUN,SUN,0,1,0,0,0,5
314,27,Cissé,90,NEW,AVL,1,0,0,0,2,8
317,27,Ayoze,18,NEW,AVL,0,0,0,0,0,1
526,27,Rivière,72,NEW,AVL,0,0,0,0,0,2
419,27,Crouch,21,STK,HUL,1,0,0,0,3,8
421,27,Diouf,69,STK,HUL,0,0,0,0,0,2
496,27,Berahino,55,WBA,SOU,1,0,0,0,3,8
531,27,Ideye,87,WBA,SOU,0,0,0,0,0,2
253,27,Dzeko,57,MCI,LIV,1,0,0,0,0,5
254,27,Agüero,90,MCI,LIV,0,1,0,0,0,5
472,27,Bony,13,MCI,LIV,0,0,1,0,0,0
103,27,Lukaku,90,EVE,ARS,0,0,0,0,0,2
152,27,Naismith,14,EVE,ARS,0,0,0,0,0,1
227,27,Sturridge,15,LIV,MCI,0,0,0,0,0,1
25,27,Giroud,90,ARS,EVE,1,0,1,0,0,5
285,27,Welbeck,4,ARS,EVE,0,0,0,0,0,1
496,28,Berahino,90,WBA,AVL,1,0,1,0,1,6
531,28,Ideye,90,WBA,AVL,0,0,0,0,0,2
440,28,Wickham,17,SUN,HUL,0,0,0,0,0,1
446,28,Graham,73,SUN,HUL,0,0,0,0,0,2
662,28,Defoe,90,SUN,HUL,0,0,0,0,0,2
127,28,Gayle,90,CRY,SOU,0,0,0,0,0,2
668,28,Ameobi,7,CRY,SOU,0,0,0,0,0,1
52,28,Agbonlahor,81,AVL,WBA,1,0,0,0,2,8
53,28,Weimann,9,AVL,WBA,0,0,0,0,0,1
54,28,Benteke,90,AVL,WBA,1,1,0,0,3,12
174,28,Jelavic,72,HUL,SUN,0,0,0,0,0,2
594,28,Hernández,18,HUL,SUN,0,0,0,0,0,1
676,28,N'Doye,90,HUL,SUN,1,0,0,0,1,7
176,28,Long,21,SOU,CRY,0,0,0,0,0,1
362,28,Pellè,69,SOU,CRY,0,0,0,0,0,2
195,28,Nugent,34,LEI,MCI,0,0,0,0,0,1
196,28,Vardy,33,LEI,MCI,0,0,0,0,0,1
532,28,Ulloa,14,LEI,MCI,0,0,0,0,0,1
663,28,Kramaric,57,LEI,MCI,0,0,0,0,0,1
284,28,Rooney,90,MUN,NEW,0,0,0,0,0,2
25,28,Giroud,90,ARS,QPR,1,0,0,0,2,8
285,28,Welbeck,1,ARS,QPR,0,0,0,0,0,1
474,28,Gomis,11,SWA,TOT,0,0,0,0,0,1
658,28,Nélson Oliveira,79,SWA,TOT,0,0,0,0,0,2
103,28,Lukaku,90,EVE,STK,0,0,0,0,0,2
152,28,Naismith,82,EVE,STK,0,0,1,0,0,1
153,28,Koné,31,EVE,STK,0,0,0,0,0,1
335,28,Remy,1,CHE,WHU,0,0,0,0,0,1
522,28,Costa,90,CHE,WHU,0,0,0,0,0,2
542,28,Drogba,1,CHE,WHU,0,0,1,0,0,0
73,28,Ings,89,BUR,LIV,0,0,0,0,0,2
74,28,Vokes,25,BUR,LIV,0,0,0,0,0,1
75,28,Barnes,65,BUR,LIV,0,0,0,0,0,2
523,28,Jutkiewicz,1,BUR,LIV,0,0,0,0,0,1
253,28,Dzeko,6,MCI,LEI,0,0,0,0,0,1
254,28,Agüero,84,MCI,LEI,0,0,0,0,0,2
472,28,Bony,71,MCI,LEI,0,0,0,0,0,2
314,28,Cissé,90,NEW,MUN,0,0,0,0,0,2
317,28,Ayoze,32,NEW,MUN,0,0,0,0,0,1
526,28,Rivière,58,NEW,MUN,0,0,0,0,0,1
336,28,Zamora,90,QPR,ARS,0,0,0,0,0,2
337,28,Austin,90,QPR,ARS,1,0,0,0,0,6
393,28,Kane,75,TOT,SWA,0,0,0,0,0,2
394,28,Soldado,15,TOT,SWA,0,0,0,0,0,1
419,28,Crouch,63,STK,EVE,0,0,0,0,0,2
421,28,Diouf,27,STK,EVE,1,0,0,0,2,7
530,28,Valencia,90,WHU,CHE,0,0,0,0,0,2
570,28,Sakho,90,WHU,CHE,0,0,0,0,0,2
227,28,Sturridge,82,LIV,BUR,1,0,0,0,1,7
229,28,Lambert,1,LIV,BUR,0,0,0,0,0,1
393,28.5,Kane,90,TOT,QPR,2,0,0,0,3,13
336,28.5,Zamora,90,QPR,TOT,0,1,0,0,0,5
337,28.5,Austin,90,QPR,TOT,0,0,0,0,0,2
337,29,Austin,90,QPR,CRY,0,0,0,0,0,2
570,29,Sakho,90,WHU,ARS,0,0,1,0,0,1
174,29,Jelavic,77,HUL,LEI,0,0,0,0,0,2
594,29,Hernández,6,HUL,LEI,0,0,0,0,0,1
676,29,N'Doye,90,HUL,LEI,0,0,1,0,0,1
52,29,Agbonlahor,90,AVL,SUN,2,0,0,0,2,12
53,29,Weimann,12,AVL,SUN,0,0,0,0,0,1
54,29,Benteke,82,AVL,SUN,2,0,0,0,3,13
689,29,Hepburn-Murphy,8,AVL,SUN,0,0,0,0,0,1
419,29,Crouch,90,STK,WBA,0,0,0,0,0,2
421,29,Diouf,23,STK,WBA,0,0,1,0,0,0
253,29,Dzeko,62,MCI,BUR,0,0,0,0,0,2
254,29,Agüero,90,MCI,BUR,0,0,0,0,0,2
256,29,Jovetic,17,MCI,BUR,0,0,0,0,0,1
472,29,Bony,28,MCI,BUR,0,0,0,0,0,1
26,29,Sanogo,11,CRY,QPR,0,0,0,0,0,1
126,29,Murray,79,CRY,QPR,0,0,1,0,0,1
127,29,Gayle,35,CRY,QPR,0,0,0,0,0,1
25,29,Giroud,90,ARS,WHU,1,1,0,0,2,11
285,29,Welbeck,26,ARS,WHU,0,0,0,0,0,1
195,29,Nugent,7,LEI,HUL,0,0,0,0,0,1
196,29,Vardy,90,LEI,HUL,0,0,0,0,0,2
287,29,Lawrence,15,LEI,HUL,0,0,0,0,0,1
532,29,Ulloa,30,LEI,HUL,0,0,0,0,0,1
663,29,Kramaric,60,LEI,HUL,0,0,0,0,0,2
440,29,Wickham,45,SUN,AVL,0,0,0,0,0,1
441,29,Fletcher,82,SUN,AVL,0,0,0,0,0,2
446,29,Graham,8,SUN,AVL,0,0,0,0,0,1
662,29,Defoe,90,SUN,AVL,0,0,0,0,0,2
496,29,Berahino,90,WBA,STK,0,0,0,0,0,2
531,29,Ideye,89,WBA,STK,1,0,0,0,3,9
73,29,Ings,90,BUR,MCI,0,0,0,0,0,2
74,29,Vokes,86,BUR,MCI,0,0,0,0,0,2
75,29,Barnes,90,BUR,MCI,0,0,0,0,0,2
176,29,Long,82,SOU,CHE,0,0,0,0,0,2
362,29,Pellè,8,SOU,CHE,0,0,0,0,0,1
317,29,Ayoze,45,NEW,EVE,0,0,0,0,0,1
526,29,Rivière,61,NEW,EVE,0,0,0,0,0,2
392,29,Adebayor,12,TOT,MUN,0,0,0,0,0,1
393,29,Kane,90,TOT,MUN,0,0,0,0,0,2
335,29,Remy,9,CHE,SOU,0,0,0,0,0,1
522,29,Costa,90,CHE,SOU,1,0,0,0,0,6
103,29,Lukaku,73,EVE,NEW,1,1,0,0,1,10
153,29,Koné,90,EVE,NEW,0,0,0,0,0,2
284,29,Rooney,90,MUN,TOT,1,0,0,0,0,6
603,29,Falcao,8,MUN,TOT,0,0,0,0,0,1
474,29,Gomis,90,SWA,LIV,0,0,0,0,0,2
475,29,Emnes,2,SWA,LIV,0,0,0,0,0,1
227,29,Sturridge,90,LIV,SWA,0,1,0,0,0,5
495,30,Anichebe,5,WBA,MCI,0,0,0,0,0,1
496,30,Berahino,85,WBA,MCI,0,0,0,0,0,2
474,30,Gomis,90,SWA,AVL,1,0,0,0,0,6
658,30,Nélson Oliveira,1,SWA,AVL,0,0,0,0,0,1
25,30,Giroud,90,ARS,NEW,2,0,0,0,3,13
285,30,Welbeck,88,ARS,NEW,0,1,0,0,0,5
73,30,Ings,87,BUR,SOU,0,0,0,0,0,2
74,30,Vokes,73,BUR,SOU,0,0,0,0,0,2
75,30,Barnes,81,BUR,SOU,0,0,0,0,0,2
76,30,Sordell,3,BUR,SOU,0,0,0,0,0,1
523,30,Jutkiewicz,17,BUR,SOU,0,0,0,0,0,1
126,30,Murray,85,CRY,STK,1,1,0,0,3,12
127,30,Gayle,11,CRY,STK,0,0,1,0,0,0
668,30,Ameobi,5,CRY,STK,0,0,0,0,0,1
195,30,Nugent,90,LEI,TOT,1,1,1,0,0,8
196,30,Vardy,90,LEI,TOT,1,1,0,0,2,11
532,30,Ulloa,90,LEI,TOT,0,0,0,0,0,2
440,30,Wickham,90,SUN,WHU,0,0,1,0,0,1
441,30,Fletcher,72,SUN,WHU,0,0,0,0,0,2
446,30,Graham,3,SUN,WHU,0,0,0,0,0,1
662,30,Defoe,87,SUN,WHU,0,0,0,0,0,2
253,30,Dzeko,13,MCI,WBA,0,0,0,0,0,1
254,30,Agüero,90,MCI,WBA,0,0,0,0,0,2
256,30,Jovetic,26,MCI,WBA,0,1,0,0,0,4
472,30,Bony,77,MCI,WBA,1,0,0,0,2,8
52,30,Agbonlahor,90,AVL,SWA,0,0,0,0,0,2
53,30,Weimann,16,AVL,SWA,0,0,0,0,0,1
54,30,Benteke,74,AVL,SWA,0,0,0,0,0,2
316,30,Armstrong,2,NEW,ARS,0,0,0,0,0,1
317,30,Ayoze,90,NEW,ARS,0,0,0,0,0,2
176,30,Long,90,SOU,BUR,1,0,0,0,2,8
362,30,Pellè,90,SOU,BUR,0,0,0,0,0,2
419,30,Crouch,77,STK,CRY,0,0,0,0,0,2
421,30,Diouf,90,STK,CRY,1,0,0,0,0,6
393,30,Kane,90,TOT,LEI,3,0,0,0,3,17
520,30,Cole,45,WHU,SUN,0,0,0,0,0,1
570,30,Sakho,90,WHU,SUN,1,0,0,0,3,9
284,30,Rooney,90,MUN,LIV,0,0,0,0,0,0
603,30,Falcao,8,MUN,LIV,0,0,0,0,0,1
335,30,Remy,16,CHE,HUL,1,0,0,0,2,7
522,30,Costa,74,CHE,HUL,1,1,0,0,3,12
103,30,Lukaku,66,EVE,QPR,0,0,0,0,0,2
152,30,Naismith,12,EVE,QPR,0,0,1,0,0,0
153,30,Koné,78,EVE,QPR,0,0,0,0,0,2
227,30,Sturridge,90,LIV,MUN,1,0,0,0,1,7
587,30,Balotelli,25,LIV,MUN,0,0,1,0,0,0
594,30,Hernández,90,HUL,CHE,1,0,0,0,0,6
676,30,N'Doye,90,HUL,CHE,0,0,0,0,0,2
336,30,Zamora,81,QPR,EVE,0,0,0,0,0,2
337,30,Austin,90,QPR,EVE,0,1,0,0,0,5
585,30,Vargas,31,QPR,EVE,1,0,0,0,0,5
227,31,Sturridge,45,LIV,ARS,0,0,0,0,0,1
176,31,Long,90,SOU,EVE,0,0,0,0,0,2
362,31,Pellè,90,SOU,EVE,0,0,0,0,0,2
520,31,Cole,11,WHU,LEI,0,0,0,0,0,1
570,31,Sakho,79,WHU,LEI,0,0,0,0,0,2
52,31,Agbonlahor,90,AVL,MUN,0,0,0,0,0,2
53,31,Weimann,76,AVL,MUN,0,0,0,0,0,2
54,31,Benteke,90,AVL,MUN,1,0,0,0,0,6
594,31,Hernández,80,HUL,SWA,0,0,1,0,0,1
676,31,N'Doye,90,HUL,SWA,0,0,1,0,0,1
336,31,Zamora,74,QPR,WBA,1,0,0,0,2,8
337,31,Austin,90,QPR,WBA,1,2,0,0,3,15
585,31,Vargas,29,QPR,WBA,1,0,0,0,1,6
419,31,Crouch,13,STK,CHE,0,0,1,0,0,0
421,31,Diouf,61,STK,CHE,0,0,0,0,0,2
25,31,Giroud,90,ARS,LIV,1,0,0,0,1,7
285,31,Welbeck,18,ARS,LIV,0,0,0,0,0,1
152,31,Naismith,21,EVE,SOU,0,0,0,0,0,1
153,31,Koné,69,EVE,SOU,0,0,0,0,0,2
195,31,Nugent,90,LEI,WHU,0,0,0,0,0,0
196,31,Vardy,90,LEI,WHU,0,1,0,0,0,5
532,31,Ulloa,71,LEI,WHU,0,0,0,0,0,2
663,31,Kramaric,19,LEI,WHU,0,0,0,0,0,1
284,31,Rooney,90,MUN,AVL,1,0,0,0,2,8
603,31,Falcao,14,MUN,AVL,0,0,0,0,0,1
474,31,Gomis,90,SWA,HUL,2,0,0,0,3,13
495,31,Anichebe,45,WBA,QPR,1,0,0,0,1,6
496,31,Berahino,90,WBA,QPR,0,1,0,0,0,5
531,31,Ideye,90,WBA,QPR,0,0,0,0,0,2
335,31,Remy,62,CHE,STK,1,0,0,0,1,7
522,31,Costa,11,CHE,STK,0,0,0,0,0,1
542,31,Drogba,34,CHE,STK,0,0,1,0,0,0
393,31,Kane,90,TOT,BUR,0,0,0,0,0,2
316,31,Armstrong,4,NEW,SUN,0,0,0,0,0,1
317,31,Ayoze,90,NEW,SUN,0,0,0,0,0,2
526,31,Rivière,33,NEW,SUN,0,0,0,0,0,1
73,31,Ings,90,BUR,TOT,0,0,0,0,0,2
74,31,Vokes,75,BUR,TOT,0,0,0,0,0,2
75,31,Barnes,90,BUR,TOT,0,0,0,0,0,2
523,31,Jutkiewicz,15,BUR,TOT,0,0,0,0,0,1
440,31,Wickham,90,SUN,NEW,0,0,1,0,0,1
441,31,Fletcher,90,SUN,NEW,0,1,0,0,0,5
662,31,Defoe,79,SUN,NEW,1,0,0,0,3,9
253,31,Dzeko,65,MCI,CRY,0,0,0,0,0,2
254,31,Agüero,90,MCI,CRY,0,0,0,0,0,2
26,31,Sanogo,8,CRY,MCI,0,0,0,0,0,1
126,31,Murray,82,CRY,MCI,1,1,0,0,3,12
127,31,Gayle,3,CRY,MCI,0,0,0,0,0,1
336,31.5,Zamora,90,QPR,AVL,0,1,0,0,0,5
337,31.5,Austin,90,QPR,AVL,1,0,1,0,1,6
52,31.5,Agbonlahor,90,AVL,QPR,0,1,0,0,0,5
54,31.5,Benteke,90,AVL,QPR,3,0,0,0,3,17
152,32,Naismith,15,EVE,SWA,0,0,0,0,0,1
153,32,Koné,75,EVE,SWA,0,0,1,0,0,1
177,32,Sagbo,17,HUL,SOU,0,0,0,0,0,1
594,32,Hernández,7,HUL,SOU,0,0,0,0,0,1
676,32,N'Doye,90,HUL,SOU,0,0,0,0,0,2
52,32,Agbonlahor,69,AVL,TOT,0,0,0,0,0,2
53,32,Weimann,28,AVL,TOT,0,0,0,0,0,1
54,32,Benteke,90,AVL,TOT,1,0,1,0,3,8
26,32,Sanogo,20,CRY,SUN,0,0,0,0,0,1
126,32,Murray,90,CRY,SUN,1,2,0,0,2,14
195,32,Nugent,90,LEI,WBA,1,0,0,0,3,9
196,32,Vardy,90,LEI,WBA,1,0,0,0,2,8
532,32,Ulloa,63,LEI,WBA,0,1,0,0,0,5
421,32,Diouf,47,STK,WHU,0,0,0,0,0,1
25,32,Giroud,81,ARS,BUR,0,0,0,0,0,2
285,32,Welbeck,9,ARS,BUR,0,0,0,0,0,1
474,32,Gomis,16,SWA,EVE,0,0,0,0,0,1
475,32,Emnes,74,SWA,EVE,0,1,1,0,0,4
176,32,Long,73,SOU,HUL,0,1,0,0,0,5
362,32,Pellè,90,SOU,HUL,1,0,1,0,0,5
393,32,Kane,90,TOT,AVL,0,0,0,0,0,2
394,32,Soldado,29,TOT,AVL,0,0,0,0,0,1
440,32,Wickham,90,SUN,CRY,1,0,0,0,1,7
441,32,Fletcher,90,SUN,CRY,0,0,0,0,0,2
662,32,Defoe,90,SUN,CRY,0,0,0,0,0,2
495,32,Anichebe,31,WBA,LEI,0,0,0,0,0,1
496,32,Berahino,90,WBA,LEI,0,0,0,0,0,2
531,32,Ideye,59,WBA,LEI,0,1,0,0,0,4
520,32,Cole,32,WHU,STK,0,0,1,0,0,0
530,32,Valencia,77,WHU,STK,0,1,0,0,0,5
570,32,Sakho,58,WHU,STK,0,0,0,0,0,1
73,32,Ings,90,BUR,ARS,0,0,0,0,0,2
74,32,Vokes,90,BUR,ARS,0,0,0,0,0,2
75,32,Barnes,90,BUR,ARS,0,0,0,0,0,2
542,32,Drogba,90,CHE,QPR,0,0,1,0,0,1
254,32,Agüero,90,MCI,MUN,2,0,0,0,2,12
336,32,Zamora,82,QPR,CHE,0,0,1,0,0,1
337,32,Austin,90,QPR,CHE,0,0,0,0,0,2
284,32,Rooney,90,MUN,MCI,0,1,0,0,0,5
603,32,Falcao,8,MUN,MCI,0,0,0,0,0,1
316,32,Armstrong,16,NEW,LIV,0,0,0,0,0,1
317,32,Ayoze,85,NEW,LIV,0,0,0,0,0,2
229,32,Lambert,2,LIV,NEW,0,0,0,0,0,1
230,32,Borini,33,LIV,NEW,0,0,0,0,0,1
495,33,Anichebe,90,WBA,CRY,0,0,0,0,0,2
496,33,Berahino,87,WBA,CRY,0,0,0,0,0,2
73,33,Ings,90,BUR,EVE,0,0,0,0,0,2
74,33,Vokes,58,BUR,EVE,0,0,0,0,0,1
75,33,Barnes,46,BUR,EVE,0,0,0,1,0,-2
523,33,Jutkiewicz,32,BUR,EVE,0,0,0,0,0,1
475,33,Emnes,16,SWA,LEI,0,0,0,0,0,1
658,33,Nélson Oliveira,74,SWA,LEI,0,0,0,0,0,2
176,33,Long,5,SOU,STK,0,0,0,0,0,1
362,33,Pellè,90,SOU,STK,0,0,0,0,0,2
284,33,Rooney,90,MUN,CHE,0,0,0,0,0,2
603,33,Falcao,90,MUN,CHE,0,0,0,0,0,2
26,33,Sanogo,11,CRY,WBA,0,0,0,0,0,1
126,33,Murray,90,CRY,WBA,0,0,0,0,0,2
127,33,Gayle,45,CRY,WBA,0,0,0,0,0,1
103,33,Lukaku,30,EVE,BUR,0,0,0,0,0,1
152,33,Naismith,11,EVE,BUR,0,0,0,0,0,1
153,33,Koné,79,EVE,BUR,0,1,0,0,0,5
196,33,Vardy,90,LEI,SWA,0,0,0,0,0,2
532,33,Ulloa,67,LEI,SWA,1,0,0,0,1,7
663,33,Kramaric,73,LEI,SWA,0,0,0,0,0,2
419,33,Crouch,15,STK,SOU,0,0,0,0,0,1
421,33,Diouf,75,STK,SOU,1,0,0,0,2,8
542,33,Drogba,90,CHE,MUN,0,0,1,0,0,1
520,33,Cole,65,WHU,MCI,0,0,0,0,0,2
530,33,Valencia,90,WHU,MCI,0,0,0,0,0,2
393,33,Kane,90,TOT,NEW,1,0,0,0,0,6
253,33,Dzeko,1,MCI,WHU,0,0,0,0,0,1
254,33,Agüero,90,MCI,WHU,1,0,0,0,0,6
316,33,Armstrong,16,NEW,TOT,0,0,0,0,0,1
317,33,Ayoze,90,NEW,TOT,0,0,0,0,0,2
393,34,Kane,90,TOT,SOU,0,1,0,0,0,5
394,34,Soldado,4,TOT,SOU,0,0,0,0,0,1
196,34,Vardy,90,LEI,BUR,1,0,0,0,1,7
532,34,Ulloa,64,LEI,BUR,0,0,0,0,0,2
663,34,Kramaric,26,LEI,BUR,0,0,0,0,0,1
676,34,N'Doye,90,HUL,CRY,2,0,0,0,3,13
475,34,Emnes,10,SWA,NEW,0,0,1,0,0,0
658,34,Nélson Oliveira,71,SWA,NEW,1,1,0,0,0,9
520,34,Cole,36,WHU,QPR,0,0,0,0,0,1
530,34,Valencia,90,WHU,QPR,0,0,0,0,0,2
440,34,Wickham,90,SUN,STK,1,0,0,0,1,7
446,34,Graham,45,SUN,STK,0,0,0,0,0,1
662,34,Defoe,90,SUN,STK,0,0,0,0,0,2
230,34,Borini,16,LIV,WBA,0,0,0,0,0,1
587,34,Balotelli,74,LIV,WBA,0,0,0,0,0,2
54,34,Benteke,90,AVL,MCI,0,0,0,0,0,2
176,34,Long,29,SOU,TOT,0,1,0,0,0,4
362,34,Pellè,90,SOU,TOT,2,0,0,0,3,13
73,34,Ings,90,BUR,LEI,0,0,1,0,0,1
76,34,Sordell,20,BUR,LEI,0,0,0,0,0,1
523,34,Jutkiewicz,70,BUR,LEI,0,0,0,0,0,2
26,34,Sanogo,32,CRY,HUL,0,0,0,0,0,1
126,34,Murray,58,CRY,HUL,0,0,0,0,0,1
127,34,Gayle,18,CRY,HUL,0,0,0,0,0,1
316,34,Armstrong,17,NEW,SWA,0,0,0,0,0,1
317,34,Ayoze,90,NEW,SWA,1,0,0,0,0,6
526,34,Rivière,73,NEW,SWA,0,1,0,0,0,5
336,34,Zamora,66,QPR,WHU,0,0,0,0,0,2
337,34,Austin,90,QPR,WHU,0,0,1,0,0,-1
419,34,Crouch,20,STK,SUN,0,0,0,0,0,1
421,34,Diouf,70,STK,SUN,0,0,1,0,0,1
495,34,Anichebe,63,WBA,LIV,0,0,0,0,0,2
496,34,Berahino,74,WBA,LIV,0,0,0,0,0,2
531,34,Ideye,16,WBA,LIV,0,0,0,0,0,1
254,34,Agüero,82,MCI,AVL,1,0,0,0,0,6
472,34,Bony,8,MCI,AVL,0,0,0,0,0,1
282,34,van Persie,3,MUN,EVE,0,0,0,0,0,1
284,34,Rooney,87,MUN,EVE,0,0,0,0,0,2
603,34,Falcao,45,MUN,EVE,0,0,0,0,0,1
542,34,Drogba,45,CHE,ARS,0,0,0,0,0,1
103,34,Lukaku,86,EVE,MUN,0,0,0,0,0,2
152,34,Naismith,3,EVE,MUN,0,0,0,0,0,1
153,34,Koné,4,EVE,MUN,0,0,0,0,0,1
25,34,Giroud,83,ARS,CHE,0,0,0,0,0,2
285,34,Welbeck,15,ARS,CHE,0,0,0,0,0,1
229,34.5,Lambert,26,LIV,HUL,0,0,0,0,0,1
587,34.5,Balotelli,64,LIV,HUL,0,0,0,0,0,2
676,34.5,N'Doye,89,HUL,LIV,0,0,0,0,0,2
542,34.5,Drogba,90,CHE,LEI,1,0,0,0,0,6
196,34.5,Vardy,76,LEI,CHE,0,1,0,0,0,5
532,34.5,Ulloa,90,LEI,CHE,0,0,0,0,0,2
316,35,Armstrong,17,NEW,LEI,0,0,0,0,0,1
317,35,Ayoze,73,NEW,LEI,0,0,0,0,0,2
526,35,Rivière,63,NEW,LEI,0,0,0,0,0,2
103,35,Lukaku,90,EVE,AVL,1,0,0,0,0,6
152,35,Naismith,74,EVE,AVL,0,1,0,0,0,5
336,35,Zamora,20,QPR,LIV,0,0,0,0,0,1
337,35,Austin,90,QPR,LIV,0,0,1,0,0,1
176,35,Long,45,SOU,SUN,0,0,0,0,0,1
362,35,Pellè,90,SOU,SUN,0,0,1,0,0,1
419,35,Crouch,11,STK,SWA,0,0,0,0,0,1
421,35,Diouf,79,STK,SWA,0,0,0,0,0,2
73,35,Ings,90,BUR,WHU,0,0,0,0,0,2
75,35,Barnes,78,BUR,WHU,0,0,0,0,0,2
76,35,Sordell,12,BUR,WHU,0,0,0,0,0,1
496,35,Berahino,79,WBA,MUN,0,0,0,0,0,2
531,35,Ideye,11,WBA,MUN,0,0,0,0,0,1
196,35,Vardy,90,LEI,NEW,0,0,0,0,0,2
532,35,Ulloa,77,LEI,NEW,2,0,0,0,3,13
663,35,Kramaric,13,LEI,NEW,0,0,0,0,0,1
54,35,Benteke,90,AVL,EVE,2,0,0,0,3,13
229,35,Lambert,90,LIV,QPR,0,1,0,0,0,5
440,35,Wickham,90,SUN,SOU,0,0,0,0,0,2
446,35,Graham,90,SUN,SOU,0,1,0,0,0,5
662,35,Defoe,81,SUN,SOU,0,1,0,0,0,5
475,35,Emnes,50,SWA,STK,0,0,0,0,0,1
627,35,Barrow,1,SWA,STK,0,0,0,0,0,1
658,35,Nélson Oliveira,40,SWA,STK,0,0,0,0,0,1
520,35,Cole,9,WHU,BUR,0,0,0,0,0,1
530,35,Valencia,81,WHU,BUR,0,0,1,0,0,1
282,35,van Persie,90,MUN,WBA,0,0,0,0,0,0
284,35,Rooney,90,MUN,WBA,0,0,0,0,0,2
603,35,Falcao,7,MUN,WBA,0,0,0,0,0,1
26,35,Sanogo,20,CRY,CHE,0,0,0,0,0,1
126,35,Murray,30,CRY,CHE,0,0,0,0,0,1
254,35,Agüero,88,MCI,TOT,1,0,0,0,2,8
472,35,Bony,15,MCI,TOT,0,0,0,0,0,1
542,35,Drogba,90,CHE,CRY,0,0,0,0,0,2
392,35,Adebayor,7,TOT,MCI,0,0,0,0,0,1
393,35,Kane,90,TOT,MCI,0,0,1,0,0,1
394,35,Soldado,32,TOT,MCI,0,0,0,0,0,1
25,35,Giroud,85,ARS,HUL,0,0,0,0,0,2
174,35,Jelavic,10,HUL,ARS,0,0,0,0,0,1
676,35,N'Doye,90,HUL,ARS,0,0,1,0,0,1
440,36,Wickham,83,SUN,EVE,0,0,0,0,0,2
441,36,Fletcher,7,SUN,EVE,0,0,0,0,0,1
446,36,Graham,73,SUN,EVE,1,0,0,0,3,9
662,36,Defoe,90,SUN,EVE,1,0,1,0,2,7
520,36,Cole,13,WHU,AVL,0,0,0,0,0,1
530,36,Valencia,90,WHU,AVL,0,0,0,0,0,2
73,36,Ings,87,BUR,HUL,1,0,1,0,3,8
75,36,Barnes,90,BUR,HUL,0,0,0,0,0,2
176,36,Long,25,SOU,LEI,0,0,0,0,0,1
362,36,Pellè,90,SOU,LEI,0,0,0,0,0,2
495,36,Anichebe,77,WBA,NEW,1,0,0,0,2,8
496,36,Berahino,22,WBA,NEW,0,0,0,0,0,1
393,36,Kane,90,TOT,STK,0,0,0,0,0,2
394,36,Soldado,30,TOT,STK,0,0,0,0,0,1
284,36,Rooney,45,MUN,CRY,0,0,0,0,0,1
603,36,Falcao,45,MUN,CRY,0,0,0,0,0,1
103,36,Lukaku,90,EVE,SUN,0,0,0,0,0,2
52,36,Agbonlahor,20,AVL,WHU,0,0,0,0,0,1
54,36,Benteke,90,AVL,WHU,0,0,0,0,0,2
174,36,Jelavic,34,HUL,BUR,0,0,1,0,0,0
594,36,Hernández,25,HUL,BUR,0,0,0,0,0,1
676,36,N'Doye,90,HUL,BUR,0,0,0,0,0,2
195,36,Nugent,21,LEI,SOU,0,0,0,0,0,1
196,36,Vardy,69,LEI,SOU,0,1,0,0,0,5
532,36,Ulloa,77,LEI,SOU,0,1,0,0,0,5
314,36,Cissé,22,NEW,WBA,0,0,0,0,0,1
317,36,Ayoze,84,NEW,WBA,1,0,0,0,1,7
526,36,Rivière,68,NEW,WBA,0,0,0,0,0,2
421,36,Diouf,90,STK,TOT,1,0,0,0,1,7
126,36,Murray,90,CRY,MUN,0,1,0,0,0,5
129,36,Chamakh,6,CRY,MUN,0,0,0,0,0,1
336,36,Zamora,52,QPR,MCI,0,0,0,0,0,1
337,36,Austin,90,QPR,MCI,0,0,0,0,0,2
229,36,Lambert,67,LIV,CHE,0,0,1,0,0,1
699,36,Sinclair,23,LIV,CHE,0,0,0,0,0,1
254,36,Agüero,90,MCI,QPR,3,2,0,0,3,23
472,36,Bony,28,MCI,QPR,0,1,0,0,0,4
335,36,Remy,83,CHE,LIV,0,0,0,0,0,2
474,36,Gomis,17,SWA,ARS,1,0,0,0,1,6
627,36,Barrow,12,SWA,ARS,0,0,0,0,0,1
25,36,Giroud,68,ARS,SWA,0,0,0,0,0,2
52,37,Agbonlahor,34,AVL,SOU,0,0,0,0,0,1
54,37,Benteke,90,AVL,SOU,1,0,0,0,0,6
419,37,Crouch,22,STK,BUR,0,0,0,0,0,1
421,37,Diouf,90,STK,BUR,0,0,1,0,0,1
314,37,Cissé,28,NEW,QPR,0,0,0,0,0,1
317,37,Ayoze,90,NEW,QPR,0,0,0,0,0,2
526,37,Rivière,62,NEW,QPR,1,0,0,0,1,7
174,37,Jelavic,61,HUL,TOT,0,0,0,0,0,2
594,37,Hernández,29,HUL,TOT,0,0,0,0,0,1
676,37,N'Doye,90,HUL,TOT,0,0,0,0,0,2
196,37,Vardy,90,LEI,SUN,0,0,0,0,0,2
532,37,Ulloa,74,LEI,SUN,0,0,0,0,0,2
663,37,Kramaric,16,LEI,SUN,0,0,0,0,0,1
103,37,Lukaku,90,EVE,WHU,1,1,0,0,3,12
126,37,Murray,8,CRY,LIV,1,0,0,0,0,3
129,37,Chamakh,75,CRY,LIV,0,0,0,0,0,2
176,37,Long,90,SOU,AVL,2,2,0,0,2,18
362,37,Pellè,84,SOU,AVL,1,1,0,0,1,10
73,37,Ings,90,BUR,STK,0,0,0,0,0,2
74,37,Vokes,8,BUR,STK,0,0,0,0,0,1
75,37,Barnes,82,BUR,STK,0,0,0,0,0,2
337,37,Austin,90,QPR,NEW,0,1,0,0,0,5
393,37,Kane,89,TOT,HUL,0,0,0,0,0,2
394,37,Soldado,1,TOT,HUL,0,0,0,0,0,1
440,37,Wickham,90,SUN,LEI,0,0,1,0,0,1
441,37,Fletcher,11,SUN,LEI,0,0,0,0,0,1
446,37,Graham,79,SUN,LEI,0,0,0,0,0,2
662,37,Defoe,90,SUN,LEI,0,0,0,0,0,2
520,37,Cole,69,WHU,EVE,0,0,0,0,0,2
530,37,Valencia,90,WHU,EVE,0,0,0,0,0,2
229,37,Lambert,26,LIV,CRY,0,0,0,0,0,1
699,37,Sinclair,4,LIV,CRY,0,0,0,0,0,1
254,37,Agüero,90,MCI,SWA,0,1,0,0,0,5
472,37,Bony,6,MCI,SWA,1,0,0,0,0,5
25,37,Giroud,90,ARS,MUN,0,0,0,0,0,2
474,37,Gomis,90,SWA,MCI,1,0,0,0,0,6
475,37,Emnes,8,SWA,MCI,0,0,0,0,0,1
627,37,Barrow,18,SWA,MCI,0,0,0,0,0,1
282,37,van Persie,30,MUN,ARS,0,0,0,0,0,1
603,37,Falcao,60,MUN,ARS,0,0,0,0,0,2
335,37,Remy,78,CHE,WBA,0,0,0,0,0,2
522,37,Costa,63,CHE,WBA,0,0,1,0,0,1
496,37,Berahino,78,WBA,CHE,2,0,0,0,3,13
531,37,Ideye,12,WBA,CHE,0,0,0,0,0,1
440,37.5,Wickham,45,SUN,ARS,0,0,0,0,0,1
441,37.5,Fletcher,45,SUN,ARS,0,0,0,0,0,1
446,37.5,Graham,45,SUN,ARS,0,0,0,0,0,1
662,37.5,Defoe,90,SUN,ARS,0,0,0,0,0,2
25,37.5,Giroud,90,ARS,SUN,0,0,0,0,0,2
495,38,Anichebe,40,WBA,ARS,0,0,0,0,0,1
496,38,Berahino,90,WBA,ARS,0,0,0,0,0,2
73,38,Ings,86,BUR,AVL,1,0,0,0,3,9
74,38,Vokes,57,BUR,AVL,0,0,0,0,0,1
75,38,Barnes,33,BUR,AVL,0,1,0,0,0,4
440,38,Wickham,90,SUN,CHE,0,0,0,0,0,2
441,38,Fletcher,90,SUN,CHE,1,0,0,0,0,6
662,38,Defoe,90,SUN,CHE,0,0,0,0,0,2
474,38,Gomis,90,SWA,CRY,0,0,0,0,0,2
475,38,Emnes,90,SWA,CRY,0,0,0,0,0,2
627,38,Barrow,27,SWA,CRY,0,0,0,0,0,1
393,38,Kane,84,TOT,EVE,1,0,0,0,1,7
394,38,Soldado,1,TOT,EVE,0,0,0,0,0,1
284,38,Rooney,90,MUN,HUL,0,0,0,0,0,2
286,38,Wilson,18,MUN,HUL,0,0,0,0,0,1
337,38,Austin,90,QPR,LEI,1,0,0,0,0,6
176,38,Long,90,SOU,MCI,0,0,1,0,0,1
362,38,Pellè,90,SOU,MCI,0,0,0,0,0,2
519,38,Lee,14,WHU,NEW,0,0,0,0,0,1
520,38,Cole,90,WHU,NEW,0,0,0,0,0,2
530,38,Valencia,62,WHU,NEW,0,0,0,0,0,2
229,38,Lambert,22,LIV,STK,0,1,0,0,0,4
25,38,Giroud,22,ARS,WBA,0,0,0,0,0,1
52,38,Agbonlahor,90,AVL,BUR,0,0,0,0,0,2
54,38,Benteke,90,AVL,BUR,0,0,0,0,0,2
335,38,Remy,47,CHE,SUN,2,0,0,0,3,12
522,38,Costa,61,CHE,SUN,1,0,0,0,1,7
542,38,Drogba,29,CHE,SUN,0,0,0,0,0,1
126,38,Murray,55,CRY,SWA,0,0,1,0,0,0
129,38,Chamakh,65,CRY,SWA,1,0,0,0,2,8
536,38,Campbell,9,CRY,SWA,0,0,1,0,0,0
103,38,Lukaku,90,EVE,TOT,0,0,0,0,0,2
152,38,Naismith,18,EVE,TOT,0,0,0,0,0,1
174,38,Jelavic,90,HUL,MUN,0,0,0,0,0,2
594,38,Hernández,21,HUL,MUN,0,0,0,0,0,1
676,38,N'Doye,70,HUL,MUN,0,0,0,0,0,2
196,38,Vardy,64,LEI,QPR,1,0,0,0,1,7
532,38,Ulloa,90,LEI,QPR,1,0,0,0,0,6
663,38,Kramaric,26,LEI,QPR,1,0,0,0,0,5
254,38,Agüero,90,MCI,SOU,1,0,0,0,0,6
472,38,Bony,25,MCI,SOU,0,0,0,0,0,1
314,38,Cissé,90,NEW,WHU,0,0,0,0,0,2
526,38,Rivière,90,NEW,WHU,0,0,0,0,0,2
419,38,Crouch,10,STK,LIV,1,0,0,0,0,5
421,38,Diouf,90,STK,2,2,1,0,0,3,16
