playerId,gameweek,name,minutes-played,team,opponent,goals-scored,assists,yellow-cards,red-cards,bonus,total
24,3.0,Podolski,14,ARS,LEI,0,0,0,0,0,1
24,5.0,Podolski,13,ARS,AVL,0,0,0,0,0,1
24,7.0,Podolski,12,ARS,CHE,0,0,0,0,0,1
24,10.0,Podolski,11,ARS,BUR,0,0,0,0,0,1
24,14.0,Podolski,10,ARS,SOU,0,0,0,0,0,1
24,15.0,Podolski,28,ARS,STK,0,0,0,0,0,1
24,16.0,Podolski,18,ARS,NEW,0,0,0,0,0,1
25,1.0,Giroud,29,ARS,CRY,0,0,0,0,0,1
25,2.0,Giroud,45,ARS,EVE,1,0,0,0,0,5
25,12.0,Giroud,14,ARS,MUN,1,0,1,0,0,4
25,13.0,Giroud,77,ARS,WBA,0,0,0,0,0,2
25,14.0,Giroud,26,ARS,SOU,0,0,0,0,0,1
25,15.0,Giroud,62,ARS,STK,0,0,0,0,0,2
25,16.0,Giroud,72,ARS,NEW,2,0,0,0,3,13
25,17.0,Giroud,81,ARS,LIV,1,0,0,0,0,6
25,18.0,Giroud,52,ARS,QPR,0,0,0,1,0,-2
25,21.0,Giroud,72,ARS,STK,0,0,0,0,0,2
25,22.0,Giroud,90,ARS,MCI,1,0,0,0,2,8
25,23.0,Giroud,69,ARS,AVL,1,1,0,0,1,10
25,24.0,Giroud,90,ARS,TOT,0,1,1,0,0,4
25,25.0,Giroud,23,ARS,LEI,0,0,1,0,0,0
25,26.0,Giroud,90,ARS,CRY,1,0,1,0,2,7
25,27.0,Giroud,90,ARS,EVE,1,0,1,0,0,5
25,28.0,Giroud,90,ARS,QPR,1,0,0,0,2,8
25,29.0,Giroud,90,ARS,WHU,1,1,0,0,2,11
25,30.0,Giroud,90,ARS,NEW,2,0,0,0,3,13
25,31.0,Giroud,90,ARS,LIV,1,0,0,0,1,7
25,32.0,Giroud,81,ARS,BUR,0,0,0,0,0,2
25,34.0,Giroud,83,ARS,CHE,0,0,0,0,0,2
25,35.0,Giroud,85,ARS,HUL,0,0,0,0,0,2
25,36.0,Giroud,68,ARS,SWA,0,0,0,0,0,2
25,37.0,Giroud,90,ARS,MUN,0,0,0,0,0,2
25,37.5,Giroud,90,ARS,SUN,0,0,0,0,0,2
25,38.0,Giroud,22,ARS,WBA,0,0,0,0,0,1
26,1.0,Sanogo,61,ARS,CRY,0,0,0,0,0,2
26,3.0,Sanogo,76,ARS,LEI,0,1,0,0,0,5
26,11.0,Sanogo,1,ARS,SWA,0,0,0,0,0,1
26,22.0,Sanogo,78,CRY,BUR,0,0,1,0,0,1
26,23.0,Sanogo,70,CRY,EVE,0,0,0,0,0,2
26,24.0,Sanogo,45,CRY,LEI,0,0,0,0,0,1
26,25.0,Sanogo,25,CRY,NEW,0,0,0,0,0,1
26,29.0,Sanogo,11,CRY,QPR,0,0,0,0,0,1
26,31.0,Sanogo,8,CRY,MCI,0,0,0,0,0,1
26,32.0,Sanogo,20,CRY,SUN,0,0,0,0,0,1
26,33.0,Sanogo,11,CRY,WBA,0,0,0,0,0,1
26,34.0,Sanogo,32,CRY,HUL,0,0,0,0,0,1
26,35.0,Sanogo,20,CRY,CHE,0,0,0,0,0,1
27,20.0,Akpom,7,ARS,SOU,0,0,0,0,0,1
27,23.0,Akpom,21,ARS,AVL,0,1,0,0,0,4
27,24.0,Akpom,2,ARS,TOT,0,0,0,0,0,1
28,2.0,Campbell,17,ARS,EVE,0,0,0,0,0,1
28,8.0,Campbell,22,ARS,HUL,0,0,0,0,0,1
28,15.0,Campbell,1,ARS,STK,0,0,0,0,0,1
28,17.0,Campbell,1,ARS,LIV,0,0,0,0,0,1
52,1.0,Agbonlahor,90,AVL,STK,0,0,1,0,0,1
52,2.0,Agbonlahor,90,AVL,NEW,0,0,0,0,0,2
52,3.0,Agbonlahor,84,AVL,HUL,1,0,0,0,2,8
52,4.0,Agbonlahor,90,AVL,LIV,1,0,0,0,3,9
52,5.0,Agbonlahor,90,AVL,ARS,0,0,0,0,0,2
52,6.0,Agbonlahor,90,AVL,CHE,0,0,0,0,0,2
52,8.0,Agbonlahor,90,AVL,EVE,0,0,1,0,0,1
52,9.0,Agbonlahor,90,AVL,QPR,0,0,0,0,0,2
52,10.0,Agbonlahor,17,AVL,TOT,0,0,0,0,0,1
52,11.0,Agbonlahor,90,AVL,WHU,0,0,1,0,0,1
52,12.0,Agbonlahor,90,AVL,SOU,1,0,0,0,3,9
52,13.0,Agbonlahor,90,AVL,BUR,0,0,0,0,0,2
52,14.0,Agbonlahor,90,AVL,CRY,0,0,0,0,0,2
52,15.0,Agbonlahor,90,AVL,LEI,0,0,1,0,0,1
52,16.0,Agbonlahor,90,AVL,WBA,0,0,0,0,0,2
52,17.0,Agbonlahor,64,AVL,MUN,0,0,0,1,0,-1
52,18.0,Agbonlahor,90,AVL,SWA,0,0,1,0,0,1
52,20.0,Agbonlahor,90,AVL,CRY,0,0,0,0,0,2
52,21.0,Agbonlahor,90,AVL,LEI,0,0,0,0,0,2
52,22.0,Agbonlahor,90,AVL,LIV,0,0,0,0,0,2
52,23.0,Agbonlahor,25,AVL,ARS,0,0,0,0,0,1
52,24.0,Agbonlahor,67,AVL,CHE,0,0,0,0,0,2
52,25.0,Agbonlahor,90,AVL,HUL,0,0,1,0,0,1
52,26.0,Agbonlahor,90,AVL,STK,0,0,0,0,0,2
52,27.0,Agbonlahor,72,AVL,NEW,0,0,1,0,0,1
52,28.0,Agbonlahor,81,AVL,WBA,1,0,0,0,2,8
52,29.0,Agbonlahor,90,AVL,SUN,2,0,0,0,2,12
52,30.0,Agbonlahor,90,AVL,SWA,0,0,0,0,0,2
52,31.0,Agbonlahor,90,AVL,MUN,0,0,0,0,0,2
52,31.5,Agbonlahor,90,AVL,QPR,0,1,0,0,0,5
52,32.0,Agbonlahor,69,AVL,TOT,0,0,0,0,0,2
52,36.0,Agbonlahor,20,AVL,WHU,0,0,0,0,0,1
52,37.0,Agbonlahor,34,AVL,SOU,0,0,0,0,0,1
52,38.0,Agbonlahor,90,AVL,BUR,0,0,0,0,0,2
53,1.0,Weimann,81,AVL,STK,1,0,0,0,3,9
53,2.0,Weimann,90,AVL,NEW,0,0,1,0,0,1
53,3.0,Weimann,90,AVL,HUL,1,1,0,0,3,12
53,4.0,Weimann,71,AVL,LIV,0,0,0,0,0,2
53,5.0,Weimann,45,AVL,ARS,0,0,0,0,0,1
53,6.0,Weimann,68,AVL,CHE,0,0,0,0,0,2
53,7.0,Weimann,60,AVL,MCI,0,0,0,0,0,2
53,8.0,Weimann,28,AVL,EVE,0,0,0,0,0,1
53,9.0,Weimann,69,AVL,QPR,0,0,1,0,0,1
53,10.0,Weimann,85,AVL,TOT,1,0,1,0,0,5
53,11.0,Weimann,90,AVL,WHU,0,0,1,0,0,1
53,12.0,Weimann,90,AVL,SOU,0,0,0,0,0,2
53,13.0,Weimann,77,AVL,BUR,0,1,0,0,1,6
53,14.0,Weimann,90,AVL,CRY,0,0,1,0,0,1
53,16.0,Weimann,13,AVL,WBA,0,0,0,0,0,1
53,17.0,Weimann,79,AVL,MUN,0,0,0,0,0,2
53,18.0,Weimann,45,AVL,SWA,0,0,0,0,0,1
53,19.0,Weimann,90,AVL,SUN,0,0,0,0,0,2
53,20.0,Weimann,82,AVL,CRY,0,0,0,0,0,2
53,21.0,Weimann,19,AVL,LEI,0,0,0,0,0,1
53,22.0,Weimann,32,AVL,LIV,0,0,0,0,0,1
53,23.0,Weimann,65,AVL,ARS,0,0,0,0,0,2
53,24.0,Weimann,79,AVL,CHE,0,0,0,0,0,2
53,25.0,Weimann,45,AVL,HUL,0,0,0,0,0,1
53,26.0,Weimann,33,AVL,STK,0,0,0,0,0,1
53,27.0,Weimann,18,AVL,NEW,0,0,0,0,0,1
53,28.0,Weimann,9,AVL,WBA,0,0,0,0,0,1
53,29.0,Weimann,12,AVL,SUN,0,0,0,0,0,1
53,30.0,Weimann,16,AVL,SWA,0,0,0,0,0,1
53,31.0,Weimann,76,AVL,MUN,0,0,0,0,0,2
53,32.0,Weimann,28,AVL,TOT,0,0,0,0,0,1
54,7.0,Benteke,30,AVL,MCI,0,0,0,0,0,1
54,8.0,Benteke,80,AVL,EVE,0,0,0,0,0,2
54,9.0,Benteke,90,AVL,QPR,0,0,0,0,0,2
54,10.0,Benteke,64,AVL,TOT,0,0,0,1,0,-1
54,14.0,Benteke,90,AVL,CRY,1,0,0,0,1,7
54,15.0,Benteke,90,AVL,LEI,0,1,0,0,0,5
54,16.0,Benteke,90,AVL,WBA,0,0,0,0,0,2
54,17.0,Benteke,90,AVL,MUN,1,0,0,0,2,8
54,18.0,Benteke,90,AVL,SWA,0,0,0,0,0,2
54,19.0,Benteke,90,AVL,SUN,0,0,0,0,0,2
54,20.0,Benteke,90,AVL,CRY,0,0,0,0,0,2
54,21.0,Benteke,90,AVL,LEI,0,0,0,0,0,2
54,22.0,Benteke,90,AVL,LIV,0,0,0,0,0,2
54,23.0,Benteke,90,AVL,ARS,0,0,0,0,0,2
54,24.0,Benteke,23,AVL,CHE,0,0,0,0,0,1
54,25.0,Benteke,45,AVL,HUL,0,0,0,0,0,1
54,26.0,Benteke,90,AVL,STK,0,0,0,0,0,2
54,27.0,Benteke,90,AVL,NEW,0,0,0,0,0,2
54,28.0,Benteke,90,AVL,WBA,1,1,0,0,3,12
54,29.0,Benteke,82,AVL,SUN,2,0,0,0,3,13
54,30.0,Benteke,74,AVL,SWA,0,0,0,0,0,2
54,31.0,Benteke,90,AVL,MUN,1,0,0,0,0,6
54,31.5,Benteke,90,AVL,QPR,3,0,0,0,3,17
54,32.0,Benteke,90,AVL,TOT,1,0,1,0,3,8
54,34.0,Benteke,90,AVL,MCI,0,0,0,0,0,2
54,35.0,Benteke,90,AVL,EVE,2,0,0,0,3,13
54,36.0,Benteke,90,AVL,WHU,0,0,0,0,0,2
54,37.0,Benteke,90,AVL,SOU,1,0,0,0,0,6
54,38.0,Benteke,90,AVL,BUR,0,0,0,0,0,2
57,2.0,Bent,15,AVL,NEW,0,0,0,0,0,1
57,3.0,Bent,6,AVL,HUL,0,0,0,0,0,1
57,4.0,Bent,1,AVL,LIV,0,0,0,0,0,1
57,6.0,Bent,22,AVL,CHE,0,0,0,0,0,1
57,9.0,Bent,21,AVL,QPR,0,0,0,0,0,1
57,10.0,Bent,1,AVL,TOT,0,0,0,0,0,1
57,12.0,Bent,17,AVL,SOU,0,0,0,0,0,1
73,1.0,Ings,81,BUR,CHE,0,0,0,0,0,2
73,2.0,Ings,90,BUR,SWA,0,0,0,0,0,2
73,3.0,Ings,77,BUR,MUN,0,0,0,0,0,2
73,4.0,Ings,41,BUR,CRY,0,0,1,0,0,0
73,8.0,Ings,82,BUR,WHU,0,0,0,0,0,2
73,9.0,Ings,90,BUR,EVE,1,0,0,0,1,7
73,10.0,Ings,90,BUR,ARS,0,0,0,0,0,2
73,11.0,Ings,90,BUR,HUL,0,0,1,0,0,1
73,12.0,Ings,85,BUR,STK,2,0,1,0,3,12
73,13.0,Ings,90,BUR,AVL,1,0,0,0,3,9
73,14.0,Ings,90,BUR,NEW,0,1,0,0,0,5
73,15.0,Ings,90,BUR,QPR,0,0,0,0,0,2
73,16.0,Ings,90,BUR,SOU,0,1,0,0,0,5
73,17.0,Ings,90,BUR,TOT,0,0,0,0,0,2
73,18.0,Ings,90,BUR,LIV,0,0,0,0,0,2
73,19.0,Ings,90,BUR,MCI,0,1,0,0,0,5
73,20.0,Ings,90,BUR,NEW,1,0,1,0,0,5
73,21.0,Ings,90,BUR,QPR,1,0,0,0,3,9
73,22.0,Ings,90,BUR,CRY,1,0,0,0,1,7
73,23.0,Ings,60,BUR,SUN,0,0,0,0,0,2
73,24.0,Ings,90,BUR,WBA,1,1,0,0,2,11
73,25.0,Ings,90,BUR,MUN,1,0,0,0,1,7
73,26.0,Ings,90,BUR,CHE,0,0,0,0,0,2
73,27.0,Ings,90,BUR,SWA,0,0,0,0,0,2
73,28.0,Ings,89,BUR,LIV,0,0,0,0,0,2
73,29.0,Ings,90,BUR,MCI,0,0,0,0,0,2
73,30.0,Ings,87,BUR,SOU,0,0,0,0,0,2
73,31.0,Ings,90,BUR,TOT,0,0,0,0,0,2
73,32.0,Ings,90,BUR,ARS,0,0,0,0,0,2
73,33.0,Ings,90,BUR,EVE,0,0,0,0,0,2
73,34.0,Ings,90,BUR,LEI,0,0,1,0,0,1
73,35.0,Ings,90,BUR,WHU,0,0,0,0,0,2
73,36.0,Ings,87,BUR,HUL,1,0,1,0,3,8
73,37.0,Ings,90,BUR,STK,0,0,0,0,0,2
73,38.0,Ings,86,BUR,AVL,1,0,0,0,3,9
74,18.0,Vokes,11,BUR,LIV,0,0,0,0,0,1
74,21.0,Vokes,18,BUR,QPR,0,0,0,0,0,1
74,22.0,Vokes,18,BUR,CRY,0,0,0,0,0,1
74,23.0,Vokes,15,BUR,SUN,0,0,0,0,0,1
74,25.0,Vokes,5,BUR,MUN,0,0,0,0,0,1
74,26.0,Vokes,12,BUR,CHE,0,0,0,0,0,1
74,27.0,Vokes,16,BUR,SWA,0,0,0,0,0,1
74,28.0,Vokes,25,BUR,LIV,0,0,0,0,0,1
74,29.0,Vokes,86,BUR,MCI,0,0,0,0,0,2
74,30.0,Vokes,73,BUR,SOU,0,0,0,0,0,2
74,31.0,Vokes,75,BUR,TOT,0,0,0,0,0,2
74,32.0,Vokes,90,BUR,ARS,0,0,0,0,0,2
74,33.0,Vokes,58,BUR,EVE,0,0,0,0,0,1
74,37.0,Vokes,8,BUR,STK,0,0,0,0,0,1
74,38.0,Vokes,57,BUR,AVL,0,0,0,0,0,1
75,1.0,Barnes,21,BUR,CHE,0,0,0,0,0,1
75,2.0,Barnes,9,BUR,SWA,0,0,0,0,0,1
75,3.0,Barnes,13,BUR,MUN,0,0,0,0,0,1
75,5.0,Barnes,28,BUR,SUN,0,0,0,0,0,1
75,6.0,Barnes,45,BUR,WBA,0,0,0,0,0,1
75,7.0,Barnes,90,BUR,LEI,0,0,0,0,0,2
75,8.0,Barnes,26,BUR,WHU,0,0,0,0,0,1
75,9.0,Barnes,26,BUR,EVE,0,0,1,0,0,0
75,11.0,Barnes,74,BUR,HUL,1,0,0,0,2,8
75,12.0,Barnes,90,BUR,STK,0,0,0,0,0,2
75,13.0,Barnes,64,BUR,AVL,0,0,1,0,0,1
75,14.0,Barnes,84,BUR,NEW,0,0,0,0,0,2
75,15.0,Barnes,88,BUR,QPR,0,0,1,0,0,1
75,16.0,Barnes,90,BUR,SOU,1,0,0,0,2,8
75,17.0,Barnes,88,BUR,TOT,1,0,0,0,1,7
75,18.0,Barnes,79,BUR,LIV,0,0,0,0,0,2
75,19.0,Barnes,90,BUR,MCI,1,0,0,0,2,8
75,20.0,Barnes,90,BUR,NEW,0,0,0,0,0,2
75,21.0,Barnes,72,BUR,QPR,0,1,1,0,0,4
75,22.0,Barnes,72,BUR,CRY,0,0,0,0,0,2
75,23.0,Barnes,75,BUR,SUN,0,0,0,0,0,2
75,24.0,Barnes,90,BUR,WBA,1,0,0,0,1,7
75,25.0,Barnes,90,BUR,MUN,0,0,0,0,0,2
75,26.0,Barnes,90,BUR,CHE,0,0,0,0,0,2
75,27.0,Barnes,89,BUR,SWA,0,0,0,0,0,2
75,28.0,Barnes,65,BUR,LIV,0,0,0,0,0,2
75,29.0,Barnes,90,BUR,MCI,0,0,0,0,0,2
75,30.0,Barnes,81,BUR,SOU,0,0,0,0,0,2
75,31.0,Barnes,90,BUR,TOT,0,0,0,0,0,2
75,32.0,Barnes,90,BUR,ARS,0,0,0,0,0,2
75,33.0,Barnes,46,BUR,EVE,0,0,0,1,0,-2
75,35.0,Barnes,78,BUR,WHU,0,0,0,0,0,2
75,36.0,Barnes,90,BUR,HUL,0,0,0,0,0,2
75,37.0,Barnes,82,BUR,STK,0,0,0,0,0,2
75,38.0,Barnes,33,BUR,AVL,0,1,0,0,0,4
76,1.0,Sordell,9,BUR,CHE,0,0,1,0,0,0
76,2.0,Sordell,1,BUR,SWA,0,0,0,0,0,1
76,4.0,Sordell,49,BUR,CRY,0,0,1,0,0,0
76,5.0,Sordell,62,BUR,SUN,0,0,0,0,0,2
76,6.0,Sordell,23,BUR,WBA,0,0,0,0,0,1
76,7.0,Sordell,24,BUR,LEI,0,0,0,0,0,1
76,8.0,Sordell,8,BUR,WHU,0,0,0,0,0,1
76,9.0,Sordell,7,BUR,EVE,0,0,0,0,0,1
76,10.0,Sordell,68,BUR,ARS,0,0,0,0,0,2
76,15.0,Sordell,2,BUR,QPR,0,0,0,0,0,1
76,22.0,Sordell,1,BUR,CRY,0,0,0,0,0,1
76,30.0,Sordell,3,BUR,SOU,0,0,0,0,0,1
76,34.0,Sordell,20,BUR,LEI,0,0,0,0,0,1
76,35.0,Sordell,12,BUR,WHU,0,0,0,0,0,1
103,1.0,Lukaku,90,EVE,LEI,0,0,0,0,0,2
103,2.0,Lukaku,75,EVE,ARS,0,1,0,0,0,5
103,3.0,Lukaku,88,EVE,CHE,0,0,0,0,0,2
103,4.0,Lukaku,67,EVE,WBA,1,0,0,0,0,6
103,5.0,Lukaku,90,EVE,CRY,1,0,0,0,2,8
103,6.0,Lukaku,90,EVE,LIV,0,0,0,0,0,2
103,7.0,Lukaku,90,EVE,MUN,0,0,0,0,0,2
103,8.0,Lukaku,90,EVE,AVL,1,0,0,0,0,6
103,9.0,Lukaku,64,EVE,BUR,1,0,1,0,1,6
103,10.0,Lukaku,23,EVE,SWA,0,0,0,0,0,1
103,11.0,Lukaku,90,EVE,SUN,0,0,0,0,0,2
103,12.0,Lukaku,90,EVE,WHU,1,0,0,0,1,7
103,13.0,Lukaku,90,EVE,TOT,0,0,0,0,0,2
103,14.0,Lukaku,90,EVE,HUL,1,0,0,0,3,9
103,15.0,Lukaku,90,EVE,MCI,0,0,0,0,0,2
103,16.0,Lukaku,76,EVE,QPR,0,1,0,0,0,5
103,17.0,Lukaku,90,EVE,SOU,0,0,0,0,0,0
103,18.0,Lukaku,90,EVE,STK,0,0,0,0,0,2
103,19.0,Lukaku,19,EVE,NEW,0,0,0,0,0,1
103,20.0,Lukaku,45,EVE,HUL,0,0,0,0,0,1
103,21.0,Lukaku,90,EVE,MCI,0,0,0,0,0,2
103,22.0,Lukaku,90,EVE,WBA,0,0,0,0,0,2
103,23.0,Lukaku,90,EVE,CRY,1,0,0,0,1,7
103,24.0,Lukaku,90,EVE,LIV,0,0,0,0,0,2
103,25.0,Lukaku,90,EVE,CHE,0,0,0,0,0,2
103,26.0,Lukaku,90,EVE,LEI,0,2,0,0,0,8
103,27.0,Lukaku,90,EVE,ARS,0,0,0,0,0,2
103,28.0,Lukaku,90,EVE,STK,0,0,0,0,0,2
103,29.0,Lukaku,73,EVE,NEW,1,1,0,0,1,10
103,30.0,Lukaku,66,EVE,QPR,0,0,0,0,0,2
103,33.0,Lukaku,30,EVE,BUR,0,0,0,0,0,1
103,34.0,Lukaku,86,EVE,MUN,0,0,0,0,0,2
103,35.0,Lukaku,90,EVE,AVL,1,0,0,0,0,6
103,36.0,Lukaku,90,EVE,SUN,0,0,0,0,0,2
103,37.0,Lukaku,90,EVE,WHU,1,1,0,0,3,12
103,38.0,Lukaku,90,EVE,TOT,0,0,0,0,0,2
126,2.0,Murray,8,CRY,WHU,0,0,0,0,0,1
126,3.0,Murray,8,CRY,NEW,0,0,1,0,0,0
126,21.0,Murray,73,CRY,TOT,0,0,0,0,0,2
126,22.0,Murray,12,CRY,BUR,0,0,0,0,0,1
126,23.0,Murray,20,CRY,EVE,0,0,0,0,0,1
126,26.0,Murray,12,CRY,ARS,1,0,0,0,0,5
126,27.0,Murray,68,CRY,WHU,2,0,0,1,2,9
126,29.0,Murray,79,CRY,QPR,0,0,1,0,0,1
126,30.0,Murray,85,CRY,STK,1,1,0,0,3,12
126,31.0,Murray,82,CRY,MCI,1,1,0,0,3,12
126,32.0,Murray,90,CRY,SUN,1,2,0,0,2,14
126,33.0,Murray,90,CRY,WBA,0,0,0,0,0,2
126,34.0,Murray,58,CRY,HUL,0,0,0,0,0,1
126,35.0,Murray,30,CRY,CHE,0,0,0,0,0,1
126,36.0,Murray,90,CRY,MUN,0,1,0,0,0,5
126,37.0,Murray,8,CRY,LIV,1,0,0,0,0,3
126,38.0,Murray,55,CRY,SWA,0,0,1,0,0,0
127,1.0,Gayle,6,CRY,ARS,0,0,0,0,0,1
127,2.0,Gayle,21,CRY,WHU,0,0,0,0,0,1
127,3.0,Gayle,69,CRY,NEW,1,0,0,0,0,6
127,4.0,Gayle,74,CRY,BUR,0,0,0,0,0,2
127,7.0,Gayle,21,CRY,HUL,0,0,0,0,0,1
127,10.0,Gayle,7,CRY,SUN,0,0,0,0,0,1
127,11.0,Gayle,10,CRY,MUN,0,0,0,0,0,1
127,12.0,Gayle,90,CRY,LIV,1,1,0,0,3,12
127,13.0,Gayle,20,CRY,SWA,0,0,0,0,0,1
127,14.0,Gayle,45,CRY,AVL,0,0,0,0,0,1
127,16.0,Gayle,14,CRY,STK,0,0,0,0,0,1
127,18.0,Gayle,42,CRY,SOU,0,0,0,0,0,1
127,20.0,Gayle,29,CRY,AVL,0,0,0,0,0,1
127,21.0,Gayle,86,CRY,TOT,1,0,0,0,2,8
127,22.0,Gayle,90,CRY,BUR,2,1,0,0,3,16
127,23.0,Gayle,90,CRY,EVE,0,0,0,0,0,2
127,24.0,Gayle,77,CRY,LEI,0,0,0,0,0,2
127,25.0,Gayle,25,CRY,NEW,0,0,0,0,0,1
127,26.0,Gayle,78,CRY,ARS,0,0,0,0,0,2
127,28.0,Gayle,90,CRY,SOU,0,0,0,0,0,2
127,29.0,Gayle,35,CRY,QPR,0,0,0,0,0,1
127,30.0,Gayle,11,CRY,STK,0,0,1,0,0,0
127,31.0,Gayle,3,CRY,MCI,0,0,0,0,0,1
127,33.0,Gayle,45,CRY,WBA,0,0,0,0,0,1
127,34.0,Gayle,18,CRY,HUL,0,0,0,0,0,1
129,1.0,Chamakh,90,CRY,ARS,0,0,1,0,0,1
129,2.0,Chamakh,90,CRY,WHU,1,0,0,0,2,8
129,3.0,Chamakh,51,CRY,NEW,0,1,1,0,0,3
129,6.0,Chamakh,18,CRY,LEI,0,0,0,0,0,1
129,7.0,Chamakh,27,CRY,HUL,0,0,0,0,0,1
129,9.0,Chamakh,72,CRY,WBA,0,0,0,0,0,2
129,10.0,Chamakh,75,CRY,SUN,0,0,0,0,0,2
129,11.0,Chamakh,80,CRY,MUN,0,0,0,0,0,2
129,12.0,Chamakh,90,CRY,LIV,0,0,0,0,0,2
129,13.0,Chamakh,65,CRY,SWA,0,1,1,0,0,4
129,14.0,Chamakh,90,CRY,AVL,0,0,0,0,0,2
129,15.0,Chamakh,90,CRY,TOT,0,0,0,0,0,2
129,16.0,Chamakh,76,CRY,STK,0,0,1,0,0,1
129,23.0,Chamakh,24,CRY,EVE,0,0,0,0,0,1
129,25.0,Chamakh,65,CRY,NEW,0,0,0,0,0,2
129,36.0,Chamakh,6,CRY,MUN,0,0,0,0,0,1
129,37.0,Chamakh,75,CRY,LIV,0,0,0,0,0,2
129,38.0,Chamakh,65,CRY,SWA,1,0,0,0,2,8
152,1.0,Naismith,90,EVE,LEI,1,0,0,0,3,9
152,2.0,Naismith,90,EVE,ARS,1,0,0,0,3,9
152,3.0,Naismith,90,EVE,CHE,1,0,0,0,0,6
152,4.0,Naismith,90,EVE,WBA,0,0,1,0,0,1
152,5.0,Naismith,27,EVE,CRY,0,0,1,0,0,0
152,6.0,Naismith,90,EVE,LIV,0,0,0,0,0,2
152,7.0,Naismith,90,EVE,MUN,1,0,0,0,2,8
152,8.0,Naismith,86,EVE,AVL,0,0,1,0,0,1
152,9.0,Naismith,90,EVE,BUR,0,0,1,0,0,1
152,10.0,Naismith,67,EVE,SWA,0,0,0,0,0,2
152,11.0,Naismith,21,EVE,SUN,0,0,0,0,0,1
152,12.0,Naismith,88,EVE,WHU,0,0,0,0,0,2
152,16.0,Naismith,90,EVE,QPR,1,1,0,0,3,12
152,17.0,Naismith,90,EVE,SOU,0,0,0,0,0,2
152,18.0,Naismith,90,EVE,STK,0,0,1,0,0,1
152,20.0,Naismith,90,EVE,HUL,0,0,0,0,0,2
152,21.0,Naismith,90,EVE,MCI,1,0,0,0,2,8
152,22.0,Naismith,90,EVE,WBA,0,0,0,0,0,2
152,23.0,Naismith,90,EVE,CRY,0,1,0,0,0,5
152,24.0,Naismith,84,EVE,LIV,0,0,1,0,0,1
152,25.0,Naismith,90,EVE,CHE,0,0,0,0,0,2
152,26.0,Naismith,84,EVE,LEI,1,0,0,0,3,9
152,27.0,Naismith,14,EVE,ARS,0,0,0,0,0,1
152,28.0,Naismith,82,EVE,STK,0,0,1,0,0,1
152,30.0,Naismith,12,EVE,QPR,0,0,1,0,0,0
152,31.0,Naismith,21,EVE,SOU,0,0,0,0,0,1
152,32.0,Naismith,15,EVE,SWA,0,0,0,0,0,1
152,33.0,Naismith,11,EVE,BUR,0,0,0,0,0,1
152,34.0,Naismith,3,EVE,MUN,0,0,0,0,0,1
152,35.0,Naismith,74,EVE,AVL,0,1,0,0,0,5
152,38.0,Naismith,18,EVE,TOT,0,0,0,0,0,1
153,16.0,Koné,1,EVE,QPR,0,0,0,0,0,1
153,19.0,Koné,71,EVE,NEW,1,0,0,0,0,6
153,20.0,Koné,90,EVE,HUL,0,0,1,0,0,1
153,22.0,Koné,12,EVE,WBA,0,0,0,0,0,1
153,23.0,Koné,1,EVE,CRY,0,0,0,0,0,1
153,28.0,Koné,31,EVE,STK,0,0,0,0,0,1
153,29.0,Koné,90,EVE,NEW,0,0,0,0,0,2
153,30.0,Koné,78,EVE,QPR,0,0,0,0,0,2
153,31.0,Koné,69,EVE,SOU,0,0,0,0,0,2
153,32.0,Koné,75,EVE,SWA,0,0,1,0,0,1
153,33.0,Koné,79,EVE,BUR,0,1,0,0,0,5
153,34.0,Koné,4,EVE,MUN,0,0,0,0,0,1
174,1.0,Jelavic,90,HUL,QPR,0,0,1,0,0,1
174,2.0,Jelavic,80,HUL,STK,1,0,0,0,2,8
174,3.0,Jelavic,90,HUL,AVL,1,0,1,0,1,6
174,4.0,Jelavic,90,HUL,WHU,0,0,0,0,0,2
174,5.0,Jelavic,80,HUL,NEW,1,0,0,0,0,6
174,6.0,Jelavic,90,HUL,MCI,0,0,0,0,0,2
174,7.0,Jelavic,90,HUL,CRY,1,0,0,0,0,6
174,12.0,Jelavic,90,HUL,TOT,0,0,0,0,0,2
174,13.0,Jelavic,90,HUL,MUN,0,0,0,0,0,2
174,14.0,Jelavic,90,HUL,EVE,0,1,0,0,0,5
174,15.0,Jelavic,14,HUL,WBA,0,0,0,0,0,1
174,16.0,Jelavic,73,HUL,CHE,0,0,0,0,0,2
174,17.0,Jelavic,80,HUL,SWA,0,0,0,0,0,2
174,18.0,Jelavic,2,HUL,SUN,1,0,0,0,0,5
174,19.0,Jelavic,45,HUL,LEI,0,0,0,0,0,1
174,20.0,Jelavic,90,HUL,EVE,1,0,0,0,0,6
174,21.0,Jelavic,32,HUL,WBA,0,0,0,0,0,1
174,23.0,Jelavic,90,HUL,NEW,0,0,0,0,0,2
174,25.0,Jelavic,65,HUL,AVL,1,0,0,0,2,8
174,26.0,Jelavic,90,HUL,QPR,1,0,0,0,1,7
174,28.0,Jelavic,72,HUL,SUN,0,0,0,0,0,2
174,29.0,Jelavic,77,HUL,LEI,0,0,0,0,0,2
174,35.0,Jelavic,10,HUL,ARS,0,0,0,0,0,1
174,36.0,Jelavic,34,HUL,BUR,0,0,1,0,0,0
174,37.0,Jelavic,61,HUL,TOT,0,0,0,0,0,2
174,38.0,Jelavic,90,HUL,MUN,0,0,0,0,0,2
176,1.0,Long,17,SOU,LIV,0,0,0,0,0,1
176,2.0,Long,45,SOU,WBA,0,0,0,0,0,1
176,3.0,Long,65,SOU,WHU,0,0,0,0,0,2
176,4.0,Long,45,SOU,NEW,0,0,0,0,0,1
176,5.0,Long,90,SOU,SWA,0,0,0,0,0,2
176,6.0,Long,23,SOU,QPR,0,0,0,0,0,1
176,7.0,Long,15,SOU,TOT,0,0,0,0,0,1
176,8.0,Long,64,SOU,SUN,0,0,0,0,0,2
176,10.0,Long,61,SOU,HUL,0,0,0,0,0,2
176,11.0,Long,23,SOU,LEI,2,0,0,0,3,12
176,12.0,Long,88,SOU,AVL,0,0,0,0,0,2
176,13.0,Long,23,SOU,MCI,0,0,0,0,0,1
176,14.0,Long,80,SOU,ARS,0,0,0,0,0,2
176,15.0,Long,78,SOU,MUN,0,0,0,0,0,2
176,16.0,Long,13,SOU,BUR,0,0,0,0,0,1
176,17.0,Long,88,SOU,EVE,0,1,0,0,0,5
176,18.0,Long,19,SOU,CRY,0,0,0,0,0,1
176,19.0,Long,14,SOU,CHE,0,0,0,0,0,1
176,20.0,Long,6,SOU,ARS,0,0,0,0,0,1
176,22.0,Long,31,SOU,NEW,0,1,1,0,0,3
176,27.0,Long,17,SOU,WBA,0,0,0,0,0,1
176,28.0,Long,21,SOU,CRY,0,0,0,0,0,1
176,29.0,Long,82,SOU,CHE,0,0,0,0,0,2
176,30.0,Long,90,SOU,BUR,1,0,0,0,2,8
176,31.0,Long,90,SOU,EVE,0,0,0,0,0,2
176,32.0,Long,73,SOU,HUL,0,1,0,0,0,5
176,33.0,Long,5,SOU,STK,0,0,0,0,0,1
176,34.0,Long,29,SOU,TOT,0,1,0,0,0,4
176,35.0,Long,45,SOU,SUN,0,0,0,0,0,1
176,36.0,Long,25,SOU,LEI,0,0,0,0,0,1
176,37.0,Long,90,SOU,AVL,2,2,0,0,2,18
176,38.0,Long,90,SOU,MCI,0,0,1,0,0,1
177,17.0,Sagbo,10,HUL,SWA,0,0,0,0,0,1
177,18.0,Sagbo,13,HUL,SUN,0,0,0,0,0,1
177,22.0,Sagbo,19,HUL,WHU,0,0,0,0,0,1
177,32.0,Sagbo,17,HUL,SOU,0,0,0,0,0,1
195,1.0,Nugent,90,LEI,EVE,0,0,0,0,0,2
195,2.0,Nugent,90,LEI,CHE,0,0,0,0,0,2
195,3.0,Nugent,90,LEI,ARS,0,0,0,0,0,2
195,4.0,Nugent,90,LEI,STK,0,0,0,0,0,2
195,5.0,Nugent,74,LEI,MUN,1,0,0,0,0,6
195,6.0,Nugent,90,LEI,CRY,0,0,0,0,0,2
195,7.0,Nugent,28,LEI,BUR,0,0,1,0,0,0
195,8.0,Nugent,35,LEI,NEW,0,0,0,0,0,1
195,9.0,Nugent,90,LEI,SWA,0,0,0,0,0,2
195,10.0,Nugent,67,LEI,WBA,0,0,0,0,0,2
195,12.0,Nugent,19,LEI,SUN,0,0,0,0,0,1
195,13.0,Nugent,31,LEI,QPR,0,0,1,0,0,0
195,15.0,Nugent,45,LEI,AVL,0,0,0,0,0,1
195,17.0,Nugent,29,LEI,WHU,0,0,0,0,0,1
195,18.0,Nugent,74,LEI,TOT,0,0,0,0,0,2
195,19.0,Nugent,90,LEI,HUL,0,1,0,0,0,5
195,20.0,Nugent,54,LEI,LIV,1,0,0,0,1,6
195,21.0,Nugent,90,LEI,AVL,0,0,0,0,0,2
195,22.0,Nugent,70,LEI,STK,0,0,0,0,0,2
195,23.0,Nugent,29,LEI,MUN,0,0,0,0,0,1
195,24.0,Nugent,70,LEI,CRY,0,0,0,0,0,2
195,25.0,Nugent,5,LEI,ARS,0,0,0,0,0,1
195,26.0,Nugent,29,LEI,EVE,1,0,0,0,0,5
195,28.0,Nugent,34,LEI,MCI,0,0,0,0,0,1
195,29.0,Nugent,7,LEI,HUL,0,0,0,0,0,1
195,30.0,Nugent,90,LEI,TOT,1,1,1,0,0,8
195,31.0,Nugent,90,LEI,WHU,0,0,0,0,0,0
195,32.0,Nugent,90,LEI,WBA,1,0,0,0,3,9
195,36.0,Nugent,21,LEI,SOU,0,0,0,0,0,1
196,3.0,Vardy,21,LEI,ARS,0,0,0,0,0,1
196,4.0,Vardy,15,LEI,STK,0,0,0,0,0,1
196,5.0,Vardy,84,LEI,MUN,1,4,0,0,3,21
196,6.0,Vardy,90,LEI,CRY,0,0,1,0,0,1
196,7.0,Vardy,90,LEI,BUR,0,1,0,0,0,5
196,8.0,Vardy,35,LEI,NEW,0,0,0,0,0,1
196,9.0,Vardy,66,LEI,SWA,0,0,0,0,0,2
196,10.0,Vardy,80,LEI,WBA,0,0,0,0,0,2
196,11.0,Vardy,90,LEI,SOU,0,0,0,0,0,2
196,12.0,Vardy,71,LEI,SUN,0,0,1,0,0,1
196,13.0,Vardy,90,LEI,QPR,0,0,0,0,0,2
196,14.0,Vardy,90,LEI,LIV,0,0,0,0,0,2
196,15.0,Vardy,65,LEI,AVL,0,0,1,0,0,1
196,16.0,Vardy,72,LEI,MCI,0,0,0,0,0,2
196,17.0,Vardy,61,LEI,WHU,0,0,1,0,0,1
196,18.0,Vardy,16,LEI,TOT,0,0,1,0,0,0
196,20.0,Vardy,74,LEI,LIV,0,1,0,0,0,5
196,21.0,Vardy,19,LEI,AVL,0,0,0,0,0,1
196,22.0,Vardy,64,LEI,STK,0,0,0,0,0,2
196,23.0,Vardy,45,LEI,MUN,0,0,0,0,0,1
196,24.0,Vardy,12,LEI,CRY,0,0,0,0,0,1
196,26.0,Vardy,29,LEI,EVE,0,2,0,0,1,8
196,28.0,Vardy,33,LEI,MCI,0,0,0,0,0,1
196,29.0,Vardy,90,LEI,HUL,0,0,0,0,0,2
196,30.0,Vardy,90,LEI,TOT,1,1,0,0,2,11
196,31.0,Vardy,90,LEI,WHU,0,1,0,0,0,5
196,32.0,Vardy,90,LEI,WBA,1,0,0,0,2,8
196,33.0,Vardy,90,LEI,SWA,0,0,0,0,0,2
196,34.0,Vardy,90,LEI,BUR,1,0,0,0,1,7
196,34.5,Vardy,76,LEI,CHE,0,1,0,0,0,5
196,35.0,Vardy,90,LEI,NEW,0,0,0,0,0,2
196,36.0,Vardy,69,LEI,SOU,0,1,0,0,0,5
196,37.0,Vardy,90,LEI,SUN,0,0,0,0,0,2
196,38.0,Vardy,64,LEI,QPR,1,0,0,0,1,7
197,1.0,Wood,13,LEI,EVE,1,0,0,0,0,5
197,2.0,Wood,7,LEI,CHE,0,0,0,0,0,1
197,10.0,Wood,10,LEI,WBA,0,0,0,0,0,1
197,11.0,Wood,20,LEI,SOU,0,0,0,0,0,1
197,12.0,Wood,3,LEI,SUN,0,0,0,0,0,1
197,15.0,Wood,25,LEI,AVL,0,0,0,0,0,1
197,19.0,Wood,36,LEI,HUL,0,0,0,0,0,1
227,1.0,Sturridge,90,LIV,SOU,1,0,0,0,0,6
227,2.0,Sturridge,90,LIV,MCI,0,0,0,0,0,2
227,3.0,Sturridge,90,LIV,TOT,0,0,0,0,0,2
227,23.0,Sturridge,23,LIV,WHU,1,0,0,0,0,5
227,24.0,Sturridge,35,LIV,EVE,0,0,0,0,0,1
227,25.0,Sturridge,73,LIV,TOT,0,2,0,0,0,8
227,26.0,Sturridge,29,LIV,SOU,0,0,0,0,0,1
227,27.0,Sturridge,15,LIV,MCI,0,0,0,0,0,1
227,28.0,Sturridge,82,LIV,BUR,1,0,0,0,1,7
227,29.0,Sturridge,90,LIV,SWA,0,1,0,0,0,5
227,30.0,Sturridge,90,LIV,MUN,1,0,0,0,1,7
227,31.0,Sturridge,45,LIV,ARS,0,0,0,0,0,1
229,1.0,Lambert,15,LIV,SOU,0,0,0,0,0,1
229,2.0,Lambert,12,LIV,MCI,0,1,0,0,0,4
229,4.0,Lambert,20,LIV,AVL,0,0,0,0,0,1
229,5.0,Lambert,16,LIV,WHU,0,0,0,0,0,1
229,6.0,Lambert,3,LIV,EVE,0,0,0,0,0,1
229,7.0,Lambert,63,LIV,WBA,0,0,0,0,0,2
229,9.0,Lambert,30,LIV,HUL,0,0,0,0,0,1
229,10.0,Lambert,11,LIV,NEW,0,0,0,0,0,1
229,11.0,Lambert,12,LIV,CHE,0,0,0,0,0,1
229,12.0,Lambert,90,LIV,CRY,1,0,0,0,0,6
229,13.0,Lambert,90,LIV,STK,0,1,0,0,0,5
229,14.0,Lambert,90,LIV,LEI,0,0,0,0,0,2
229,15.0,Lambert,90,LIV,SUN,0,0,0,0,0,2
229,17.0,Lambert,10,LIV,ARS,0,0,0,0,0,1
229,18.0,Lambert,18,LIV,BUR,0,0,0,0,0,1
229,20.0,Lambert,6,LIV,LEI,0,0,0,0,0,1
229,22.0,Lambert,20,LIV,AVL,1,0,1,0,0,4
229,24.0,Lambert,9,LIV,EVE,0,0,0,0,0,1
229,28.0,Lambert,1,LIV,BUR,0,0,0,0,0,1
229,32.0,Lambert,2,LIV,NEW,0,0,0,0,0,1
229,34.5,Lambert,26,LIV,HUL,0,0,0,0,0,1
229,35.0,Lambert,90,LIV,QPR,0,1,0,0,0,5
229,36.0,Lambert,67,LIV,CHE,0,0,1,0,0,1
229,37.0,Lambert,26,LIV,CRY,0,0,0,0,0,1
229,38.0,Lambert,22,LIV,STK,0,1,0,0,0,4
230,4.0,Borini,20,LIV,AVL,0,0,0,0,0,1
230,5.0,Borini,74,LIV,WHU,0,0,0,0,0,2
230,10.0,Borini,25,LIV,NEW,0,0,0,0,0,1
230,11.0,Borini,21,LIV,CHE,0,0,0,0,0,1
230,12.0,Borini,19,LIV,CRY,0,0,0,0,0,1
230,17.0,Borini,18,LIV,ARS,0,0,0,1,0,-2
230,19.0,Borini,1,LIV,SWA,0,0,0,0,0,1
230,20.0,Borini,36,LIV,LEI,0,0,0,0,0,1
230,21.0,Borini,66,LIV,SUN,0,1,1,0,0,4
230,22.0,Borini,70,LIV,AVL,1,0,0,0,1,7
230,32.0,Borini,33,LIV,NEW,0,0,0,0,0,1
230,34.0,Borini,16,LIV,WBA,0,0,0,0,0,1
253,1.0,Dzeko,82,MCI,NEW,0,1,0,0,0,5
253,2.0,Dzeko,67,MCI,LIV,0,0,0,0,0,2
253,3.0,Dzeko,28,MCI,STK,0,0,0,0,0,1
253,4.0,Dzeko,24,MCI,ARS,0,0,0,0,0,1
253,5.0,Dzeko,69,MCI,CHE,0,0,0,0,0,2
253,6.0,Dzeko,90,MCI,HUL,2,0,0,0,3,13
253,7.0,Dzeko,63,MCI,AVL,0,0,0,0,0,2
253,9.0,Dzeko,58,MCI,WHU,0,0,0,0,0,1
253,10.0,Dzeko,20,MCI,MUN,0,0,0,0,0,1
253,11.0,Dzeko,4,MCI,QPR,0,0,0,0,0,1
253,15.0,Dzeko,28,MCI,EVE,0,0,0,0,0,1
253,22.0,Dzeko,15,MCI,ARS,0,0,0,0,0,1
253,23.0,Dzeko,7,MCI,CHE,0,0,0,0,0,1
253,24.0,Dzeko,65,MCI,HUL,0,0,0,0,0,2
253,25.0,Dzeko,18,MCI,STK,0,1,0,0,0,4
253,26.0,Dzeko,90,MCI,NEW,1,2,1,0,0,11
253,27.0,Dzeko,57,MCI,LIV,1,0,0,0,0,5
253,28.0,Dzeko,6,MCI,LEI,0,0,0,0,0,1
253,29.0,Dzeko,62,MCI,BUR,0,0,0,0,0,2
253,30.0,Dzeko,13,MCI,WBA,0,0,0,0,0,1
253,31.0,Dzeko,65,MCI,CRY,0,0,0,0,0,2
253,33.0,Dzeko,1,MCI,WHU,0,0,0,0,0,1
254,1.0,Agüero,8,MCI,NEW,1,0,0,0,1,6
254,2.0,Agüero,23,MCI,LIV,1,0,0,0,1,6
254,3.0,Agüero,90,MCI,STK,0,0,0,0,0,2
254,4.0,Agüero,66,MCI,ARS,1,0,1,0,1,6
254,5.0,Agüero,90,MCI,CHE,0,0,0,0,0,2
254,6.0,Agüero,71,MCI,HUL,1,0,0,0,2,8
254,7.0,Agüero,90,MCI,AVL,1,0,0,0,1,7
254,8.0,Agüero,90,MCI,TOT,4,0,0,0,3,19
254,9.0,Agüero,90,MCI,WHU,0,0,0,0,0,2
254,10.0,Agüero,83,MCI,MUN,1,0,0,0,2,8
254,11.0,Agüero,90,MCI,QPR,2,0,0,0,3,13
254,12.0,Agüero,90,MCI,SWA,0,0,0,0,0,2
254,13.0,Agüero,90,MCI,SOU,0,2,1,0,0,7
254,14.0,Agüero,73,MCI,SUN,2,1,0,0,3,16
254,15.0,Agüero,6,MCI,EVE,0,0,0,0,0,1
254,21.0,Agüero,24,MCI,EVE,0,0,0,0,0,1
254,22.0,Agüero,90,MCI,ARS,0,0,1,0,0,1
254,23.0,Agüero,83,MCI,CHE,0,1,0,0,0,5
254,24.0,Agüero,90,MCI,HUL,0,1,0,0,0,5
254,25.0,Agüero,72,MCI,STK,2,0,1,0,2,11
254,26.0,Agüero,59,MCI,NEW,1,1,0,0,1,9
254,27.0,Agüero,90,MCI,LIV,0,1,0,0,0,5
254,28.0,Agüero,84,MCI,LEI,0,0,0,0,0,2
254,29.0,Agüero,90,MCI,BUR,0,0,0,0,0,2
254,30.0,Agüero,90,MCI,WBA,0,0,0,0,0,2
254,31.0,Agüero,90,MCI,CRY,0,0,0,0,0,2
254,32.0,Agüero,90,MCI,MUN,2,0,0,0,2,12
254,33.0,Agüero,90,MCI,WHU,1,0,0,0,0,6
254,34.0,Agüero,82,MCI,AVL,1,0,0,0,0,6
254,35.0,Agüero,88,MCI,TOT,1,0,0,0,2,8
254,36.0,Agüero,90,MCI,QPR,3,2,0,0,3,23
254,37.0,Agüero,90,MCI,SWA,0,1,0,0,0,5
254,38.0,Agüero,90,MCI,SOU,1,0,0,0,0,6
256,1.0,Jovetic,72,MCI,NEW,0,0,0,0,0,2
256,2.0,Jovetic,79,MCI,LIV,2,0,0,0,3,13
256,3.0,Jovetic,62,MCI,STK,0,0,0,0,0,2
256,8.0,Jovetic,21,MCI,TOT,0,0,0,0,0,1
256,9.0,Jovetic,32,MCI,WHU,0,0,0,0,0,1
256,10.0,Jovetic,70,MCI,MUN,0,0,0,0,0,2
256,12.0,Jovetic,69,MCI,SWA,1,0,0,0,2,8
256,13.0,Jovetic,54,MCI,SOU,0,0,0,0,0,1
256,14.0,Jovetic,55,MCI,SUN,1,1,0,0,2,10
256,19.0,Jovetic,29,MCI,BUR,0,0,0,0,0,1
256,20.0,Jovetic,69,MCI,SUN,1,1,0,0,2,11
256,21.0,Jovetic,66,MCI,EVE,0,0,0,0,0,2
256,22.0,Jovetic,45,MCI,ARS,0,0,0,0,0,1
256,23.0,Jovetic,1,MCI,CHE,0,0,0,0,0,1
256,24.0,Jovetic,17,MCI,HUL,0,0,0,0,0,1
256,29.0,Jovetic,17,MCI,BUR,0,0,0,0,0,1
256,30.0,Jovetic,26,MCI,WBA,0,1,0,0,0,4
282,2.0,van Persie,62,MUN,SUN,0,0,0,0,0,2
282,3.0,van Persie,72,MUN,BUR,0,0,0,0,0,2
282,4.0,van Persie,90,MUN,QPR,0,0,1,0,0,1
282,5.0,van Persie,90,MUN,LEI,1,0,0,0,0,6
282,6.0,van Persie,90,MUN,WHU,1,0,0,0,2,8
282,7.0,van Persie,90,MUN,EVE,0,0,1,0,0,1
282,8.0,van Persie,90,MUN,WBA,0,0,0,0,0,2
282,9.0,van Persie,90,MUN,CHE,1,0,1,0,1,6
282,10.0,van Persie,81,MUN,MCI,0,0,0,0,0,2
282,11.0,van Persie,90,MUN,CRY,0,0,0,0,0,2
282,12.0,van Persie,74,MUN,ARS,0,0,0,0,0,2
282,13.0,van Persie,69,MUN,HUL,1,1,0,0,1,10
282,14.0,van Persie,90,MUN,STK,0,0,0,0,0,2
282,15.0,van Persie,90,MUN,SOU,2,0,0,0,3,13
282,16.0,van Persie,90,MUN,LIV,1,1,0,0,2,11
282,17.0,van Persie,60,MUN,AVL,0,0,0,0,0,2
282,18.0,van Persie,90,MUN,NEW,1,0,1,0,2,7
282,19.0,van Persie,90,MUN,TOT,0,0,0,0,0,2
282,20.0,van Persie,90,MUN,STK,0,0,0,0,0,2
282,21.0,van Persie,60,MUN,SOU,0,0,1,0,0,1
282,23.0,van Persie,67,MUN,LEI,1,0,0,0,1,7
282,24.0,van Persie,90,MUN,WHU,0,0,0,0,0,2
282,25.0,van Persie,90,MUN,BUR,1,0,0,0,2,8
282,26.0,van Persie,90,MUN,SWA,0,0,0,0,0,2
282,34.0,van Persie,3,MUN,EVE,0,0,0,0,0,1
282,35.0,van Persie,90,MUN,WBA,0,0,0,0,0,0
282,37.0,van Persie,30,MUN,ARS,0,0,0,0,0,1
283,1.0,Hernández,45,MUN,SWA,0,0,0,0,0,1
284,1.0,Rooney,90,MUN,SWA,1,0,0,0,1,7
284,2.0,Rooney,90,MUN,SUN,0,0,0,0,0,2
284,3.0,Rooney,90,MUN,BUR,0,0,0,0,0,2
284,4.0,Rooney,90,MUN,QPR,1,1,0,0,1,10
284,5.0,Rooney,90,MUN,LEI,0,1,1,0,0,4
284,6.0,Rooney,58,MUN,WHU,1,0,0,1,0,2
284,10.0,Rooney,90,MUN,MCI,0,0,0,0,0,2
284,11.0,Rooney,90,MUN,CRY,0,0,0,0,0,2
284,12.0,Rooney,90,MUN,ARS,1,0,0,0,3,9
284,13.0,Rooney,90,MUN,HUL,1,0,0,0,2,8
284,15.0,Rooney,90,MUN,SOU,0,1,1,0,0,4
284,16.0,Rooney,77,MUN,LIV,1,0,1,0,0,5
284,17.0,Rooney,90,MUN,AVL,0,0,0,0,0,2
284,18.0,Rooney,90,MUN,NEW,2,1,0,0,3,16
284,19.0,Rooney,90,MUN,TOT,0,0,0,0,0,2
284,20.0,Rooney,90,MUN,STK,0,0,0,0,0,2
284,21.0,Rooney,90,MUN,SOU,0,0,0,0,0,2
284,22.0,Rooney,90,MUN,QPR,0,0,0,0,0,2
284,23.0,Rooney,90,MUN,LEI,0,0,0,0,0,2
284,24.0,Rooney,90,MUN,WHU,0,0,1,0,0,1
284,25.0,Rooney,90,MUN,BUR,0,0,1,0,0,1
284,26.0,Rooney,90,MUN,SWA,0,0,0,0,0,2
284,27.0,Rooney,85,MUN,SUN,2,0,0,0,3,13
284,28.0,Rooney,90,MUN,NEW,0,0,0,0,0,2
284,29.0,Rooney,90,MUN,TOT,1,0,0,0,0,6
284,30.0,Rooney,90,MUN,LIV,0,0,0,0,0,0
284,31.0,Rooney,90,MUN,AVL,1,0,0,0,2,8
284,32.0,Rooney,90,MUN,MCI,0,1,0,0,0,5
284,33.0,Rooney,90,MUN,CHE,0,0,0,0,0,2
284,34.0,Rooney,87,MUN,EVE,0,0,0,0,0,2
284,35.0,Rooney,90,MUN,WBA,0,0,0,0,0,2
284,36.0,Rooney,45,MUN,CRY,0,0,0,0,0,1
284,38.0,Rooney,90,MUN,HUL,0,0,0,0,0,2
285,2.0,Welbeck,28,MUN,SUN,0,0,0,0,0,1
285,3.0,Welbeck,18,MUN,BUR,0,0,0,0,0,1
285,4.0,Welbeck,87,ARS,MCI,0,0,0,0,0,2
285,5.0,Welbeck,77,ARS,AVL,1,1,0,0,3,12
285,6.0,Welbeck,90,ARS,TOT,0,0,0,0,0,2
285,7.0,Welbeck,90,ARS,CHE,0,0,1,0,0,1
285,8.0,Welbeck,90,ARS,HUL,1,0,0,0,1,7
285,9.0,Welbeck,90,ARS,SUN,0,0,1,0,0,1
285,10.0,Welbeck,79,ARS,BUR,0,1,0,0,0,5
285,11.0,Welbeck,90,ARS,SWA,0,1,0,0,0,5
285,12.0,Welbeck,90,ARS,MUN,0,0,0,0,0,2
285,13.0,Welbeck,90,ARS,WBA,1,0,0,0,3,9
285,14.0,Welbeck,80,ARS,SOU,0,0,0,0,0,2
285,15.0,Welbeck,45,ARS,STK,0,0,0,0,0,1
285,16.0,Welbeck,90,ARS,NEW,0,1,0,0,0,5
285,17.0,Welbeck,90,ARS,LIV,0,0,0,0,0,2
285,18.0,Welbeck,87,ARS,QPR,0,0,0,0,0,2
285,19.0,Welbeck,84,ARS,WHU,1,0,0,0,2,8
285,24.0,Welbeck,77,ARS,TOT,0,0,1,0,0,1
285,26.0,Welbeck,76,ARS,CRY,0,2,0,0,1,9
285,27.0,Welbeck,4,ARS,EVE,0,0,0,0,0,1
285,28.0,Welbeck,1,ARS,QPR,0,0,0,0,0,1
285,29.0,Welbeck,26,ARS,WHU,0,0,0,0,0,1
285,30.0,Welbeck,88,ARS,NEW,0,1,0,0,0,5
285,31.0,Welbeck,18,ARS,LIV,0,0,0,0,0,1
285,32.0,Welbeck,9,ARS,BUR,0,0,0,0,0,1
285,34.0,Welbeck,15,ARS,CHE,0,0,0,0,0,1
286,7.0,Wilson,18,MUN,EVE,0,0,1,0,0,0
286,9.0,Wilson,24,MUN,CHE,0,0,0,0,0,1
286,10.0,Wilson,9,MUN,MCI,0,0,0,0,0,1
286,11.0,Wilson,20,MUN,CRY,0,0,0,0,0,1
286,12.0,Wilson,16,MUN,ARS,0,0,1,0,0,0
286,14.0,Wilson,77,MUN,STK,0,0,0,0,0,2
286,16.0,Wilson,70,MUN,LIV,0,0,0,0,0,2
286,17.0,Wilson,17,MUN,AVL,0,0,0,0,0,1
286,18.0,Wilson,26,MUN,NEW,0,0,0,0,0,1
286,22.0,Wilson,34,MUN,QPR,1,0,0,0,0,5
286,23.0,Wilson,11,MUN,LEI,0,0,0,0,0,1
286,25.0,Wilson,17,MUN,BUR,0,0,1,0,0,0
286,38.0,Wilson,18,MUN,HUL,0,0,0,0,0,1
287,21.0,Lawrence,19,LEI,AVL,0,0,0,0,0,1
287,22.0,Lawrence,20,LEI,STK,0,0,0,0,0,1
287,29.0,Lawrence,15,LEI,HUL,0,0,0,0,0,1
314,5.0,Cissé,22,NEW,HUL,2,0,0,0,3,12
314,6.0,Cissé,45,NEW,STK,0,0,1,0,0,0
314,7.0,Cissé,84,NEW,SWA,2,0,0,0,3,13
314,8.0,Cissé,90,NEW,LEI,0,1,0,0,0,5
314,10.0,Cissé,45,NEW,LIV,0,0,0,0,0,1
314,12.0,Cissé,23,NEW,QPR,0,0,0,0,0,1
314,13.0,Cissé,28,NEW,WHU,0,0,0,0,0,1
314,14.0,Cissé,90,NEW,BUR,1,0,0,0,3,9
314,15.0,Cissé,38,NEW,CHE,2,0,0,0,3,12
314,16.0,Cissé,55,NEW,ARS,0,0,0,0,0,1
314,17.0,Cissé,16,NEW,SUN,0,0,0,0,0,1
314,18.0,Cissé,28,NEW,MUN,1,0,0,0,1,6
314,19.0,Cissé,72,NEW,EVE,1,0,0,0,2,8
314,23.0,Cissé,9,NEW,HUL,0,0,0,0,0,1
314,24.0,Cissé,26,NEW,STK,0,0,0,0,0,1
314,25.0,Cissé,77,NEW,CRY,1,0,0,0,3,9
314,26.0,Cissé,90,NEW,MCI,0,0,0,0,0,2
314,27.0,Cissé,90,NEW,AVL,1,0,0,0,2,8
314,28.0,Cissé,90,NEW,MUN,0,0,0,0,0,2
314,36.0,Cissé,22,NEW,WBA,0,0,0,0,0,1
314,37.0,Cissé,28,NEW,QPR,0,0,0,0,0,1
314,38.0,Cissé,90,NEW,WHU,0,0,0,0,0,2
316,12.0,Armstrong,2,NEW,QPR,0,0,1,0,0,0
316,16.0,Armstrong,9,NEW,ARS,0,0,0,0,0,1
316,17.0,Armstrong,32,NEW,SUN,0,0,0,0,0,1
316,18.0,Armstrong,62,NEW,MUN,0,0,0,0,0,2
316,20.0,Armstrong,34,NEW,BUR,0,1,0,0,0,4
316,30.0,Armstrong,2,NEW,ARS,0,0,0,0,0,1
316,31.0,Armstrong,4,NEW,SUN,0,0,0,0,0,1
316,32.0,Armstrong,16,NEW,LIV,0,0,0,0,0,1
316,33.0,Armstrong,16,NEW,TOT,0,0,0,0,0,1
316,34.0,Armstrong,17,NEW,SWA,0,0,0,0,0,1
316,35.0,Armstrong,17,NEW,LEI,0,0,0,0,0,1
317,1.0,Ayoze,8,NEW,MCI,0,0,0,0,0,1
317,2.0,Ayoze,15,NEW,AVL,0,0,0,0,0,1
317,3.0,Ayoze,12,NEW,CRY,0,0,0,0,0,1
317,4.0,Ayoze,22,NEW,SOU,0,0,0,0,0,1
317,5.0,Ayoze,1,NEW,HUL,0,0,0,0,0,1
317,7.0,Ayoze,6,NEW,SWA,0,0,0,0,0,1
317,8.0,Ayoze,32,NEW,LEI,0,0,0,0,0,1
317,9.0,Ayoze,78,NEW,TOT,1,0,0,0,2,8
317,10.0,Ayoze,45,NEW,LIV,1,0,0,0,3,8
317,11.0,Ayoze,90,NEW,WBA,1,0,0,0,1,7
317,12.0,Ayoze,88,NEW,QPR,0,0,0,0,0,2
317,13.0,Ayoze,90,NEW,WHU,0,0,0,0,0,2
317,14.0,Ayoze,45,NEW,BUR,0,0,0,0,0,1
317,15.0,Ayoze,90,NEW,CHE,0,0,0,0,0,2
317,16.0,Ayoze,81,NEW,ARS,1,0,0,0,0,6
317,17.0,Ayoze,90,NEW,SUN,0,0,0,0,0,2
317,18.0,Ayoze,81,NEW,MUN,0,0,0,0,0,2
317,19.0,Ayoze,90,NEW,EVE,1,0,0,0,3,9
317,20.0,Ayoze,90,NEW,BUR,0,0,0,0,0,2
317,21.0,Ayoze,90,NEW,CHE,0,0,0,0,0,2
317,22.0,Ayoze,90,NEW,SOU,0,0,0,0,0,2
317,23.0,Ayoze,81,NEW,HUL,0,0,0,0,0,2
317,24.0,Ayoze,90,NEW,STK,0,0,0,0,0,2
317,25.0,Ayoze,90,NEW,CRY,0,0,0,0,0,2
317,26.0,Ayoze,90,NEW,MCI,0,0,0,0,0,2
317,27.0,Ayoze,18,NEW,AVL,0,0,0,0,0,1
317,28.0,Ayoze,32,NEW,MUN,0,0,0,0,0,1
317,29.0,Ayoze,45,NEW,EVE,0,0,0,0,0,1
317,30.0,Ayoze,90,NEW,ARS,0,0,0,0,0,2
317,31.0,Ayoze,90,NEW,SUN,0,0,0,0,0,2
317,32.0,Ayoze,85,NEW,LIV,0,0,0,0,0,2
317,33.0,Ayoze,90,NEW,TOT,0,0,0,0,0,2
317,34.0,Ayoze,90,NEW,SWA,1,0,0,0,0,6
317,35.0,Ayoze,73,NEW,LEI,0,0,0,0,0,2
317,36.0,Ayoze,84,NEW,WBA,1,0,0,0,1,7
317,37.0,Ayoze,90,NEW,QPR,0,0,0,0,0,2
335,1.0,Remy,90,QPR,HUL,0,0,0,0,0,2
335,2.0,Remy,90,QPR,TOT,0,0,0,0,0,2
335,4.0,Remy,19,CHE,SWA,1,0,0,0,0,5
335,6.0,Remy,10,CHE,AVL,0,0,0,0,0,1
335,8.0,Remy,90,CHE,CRY,0,0,0,0,0,2
335,12.0,Remy,12,CHE,WBA,0,0,0,0,0,1
335,13.0,Remy,15,CHE,SUN,0,0,0,0,0,1
335,14.0,Remy,24,CHE,TOT,1,0,0,0,0,5
335,19.0,Remy,2,CHE,SOU,0,0,0,0,0,1
335,21.0,Remy,7,CHE,NEW,0,0,0,0,0,1
335,22.0,Remy,16,CHE,SWA,0,0,0,0,0,1
335,23.0,Remy,86,CHE,MCI,1,0,0,0,1,7
335,24.0,Remy,27,CHE,AVL,0,0,0,0,0,1
335,25.0,Remy,69,CHE,EVE,0,0,0,0,0,2
335,28.0,Remy,1,CHE,WHU,0,0,0,0,0,1
335,29.0,Remy,9,CHE,SOU,0,0,0,0,0,1
335,30.0,Remy,16,CHE,HUL,1,0,0,0,2,7
335,31.0,Remy,62,CHE,STK,1,0,0,0,1,7
335,36.0,Remy,83,CHE,LIV,0,0,0,0,0,2
335,37.0,Remy,78,CHE,WBA,0,0,0,0,0,2
335,38.0,Remy,47,CHE,SUN,2,0,0,0,3,12
336,1.0,Zamora,13,QPR,HUL,0,0,0,0,0,1
336,2.0,Zamora,17,QPR,TOT,0,0,0,0,0,1
336,3.0,Zamora,22,QPR,SUN,0,0,0,0,0,1
336,5.0,Zamora,21,QPR,STK,0,0,0,0,0,1
336,6.0,Zamora,14,QPR,SOU,0,0,0,0,0,1
336,7.0,Zamora,45,QPR,WHU,0,0,0,0,0,1
336,8.0,Zamora,78,QPR,LIV,0,0,0,0,0,2
336,9.0,Zamora,62,QPR,AVL,0,1,0,0,0,5
336,10.0,Zamora,31,QPR,CHE,0,0,0,0,0,1
336,11.0,Zamora,90,QPR,MCI,0,1,0,0,0,5
336,12.0,Zamora,90,QPR,NEW,0,0,1,0,0,1
336,15.0,Zamora,65,QPR,BUR,0,0,0,0,0,2
336,16.0,Zamora,32,QPR,EVE,1,0,0,0,0,5
336,17.0,Zamora,79,QPR,WBA,0,1,0,0,0,5
336,18.0,Zamora,20,QPR,ARS,0,0,0,0,0,1
336,19.0,Zamora,74,QPR,CRY,0,0,0,0,0,2
336,20.0,Zamora,82,QPR,SWA,0,0,0,0,0,2
336,21.0,Zamora,22,QPR,BUR,0,0,0,0,0,1
336,22.0,Zamora,79,QPR,MUN,0,0,0,0,0,2
336,23.0,Zamora,45,QPR,STK,0,0,0,0,0,1
336,25.0,Zamora,90,QPR,SUN,1,0,1,0,0,5
336,26.0,Zamora,63,QPR,HUL,0,0,1,0,0,1
336,28.0,Zamora,90,QPR,ARS,0,0,0,0,0,2
336,28.5,Zamora,90,QPR,TOT,0,1,0,0,0,5
336,30.0,Zamora,81,QPR,EVE,0,0,0,0,0,2
336,31.0,Zamora,74,QPR,WBA,1,0,0,0,2,8
336,31.5,Zamora,90,QPR,AVL,0,1,0,0,0,5
336,32.0,Zamora,82,QPR,CHE,0,0,1,0,0,1
336,34.0,Zamora,66,QPR,WHU,0,0,0,0,0,2
336,35.0,Zamora,20,QPR,LIV,0,0,0,0,0,1
336,36.0,Zamora,52,QPR,MCI,0,0,0,0,0,1
337,1.0,Austin,90,QPR,HUL,0,0,0,0,0,0
337,3.0,Austin,68,QPR,SUN,1,0,0,0,3,9
337,4.0,Austin,58,QPR,MUN,0,0,0,0,0,1
337,5.0,Austin,90,QPR,STK,0,0,0,0,0,2
337,6.0,Austin,90,QPR,SOU,1,0,0,0,0,6
337,7.0,Austin,90,QPR,WHU,0,0,0,0,0,2
337,8.0,Austin,90,QPR,LIV,0,1,0,0,0,5
337,9.0,Austin,90,QPR,AVL,2,0,0,0,3,13
337,10.0,Austin,90,QPR,CHE,1,0,0,0,0,6
337,11.0,Austin,90,QPR,MCI,1,0,0,0,1,7
337,12.0,Austin,90,QPR,NEW,0,0,0,0,0,2
337,13.0,Austin,90,QPR,LEI,1,1,1,0,2,10
337,14.0,Austin,90,QPR,SWA,0,0,0,0,0,2
337,15.0,Austin,75,QPR,BUR,1,1,0,1,0,6
337,17.0,Austin,90,QPR,WBA,3,0,0,0,3,17
337,18.0,Austin,90,QPR,ARS,1,0,0,0,1,7
337,19.0,Austin,90,QPR,CRY,0,0,0,0,0,2
337,20.0,Austin,90,QPR,SWA,0,0,0,0,0,2
337,21.0,Austin,90,QPR,BUR,1,0,0,0,2,8
337,22.0,Austin,90,QPR,MUN,0,0,0,0,0,2
337,23.0,Austin,90,QPR,STK,0,1,0,0,0,5
337,24.0,Austin,90,QPR,SOU,0,0,0,0,0,2
337,26.0,Austin,74,QPR,HUL,1,0,0,0,3,9
337,28.0,Austin,90,QPR,ARS,1,0,0,0,0,6
337,28.5,Austin,90,QPR,TOT,0,0,0,0,0,2
337,29.0,Austin,90,QPR,CRY,0,0,0,0,0,2
337,30.0,Austin,90,QPR,EVE,0,1,0,0,0,5
337,31.0,Austin,90,QPR,WBA,1,2,0,0,3,15
337,31.5,Austin,90,QPR,AVL,1,0,1,0,1,6
337,32.0,Austin,90,QPR,CHE,0,0,0,0,0,2
337,34.0,Austin,90,QPR,WHU,0,0,1,0,0,-1
337,35.0,Austin,90,QPR,LIV,0,0,1,0,0,1
337,36.0,Austin,90,QPR,MCI,0,0,0,0,0,2
337,37.0,Austin,90,QPR,NEW,0,1,0,0,0,5
337,38.0,Austin,90,QPR,LEI,1,0,0,0,0,6
359,8.0,Mayuka,11,SOU,SUN,0,0,0,0,0,1
359,12.0,Mayuka,12,SOU,AVL,0,0,0,0,0,1
359,13.0,Mayuka,9,SOU,MCI,0,0,0,0,0,1
359,14.0,Mayuka,10,SOU,ARS,0,0,0,0,0,1
359,15.0,Mayuka,12,SOU,MUN,0,0,0,0,0,1
362,1.0,Pellè,90,SOU,LIV,0,0,0,0,0,2
362,2.0,Pellè,90,SOU,WBA,0,0,0,0,0,2
362,3.0,Pellè,90,SOU,WHU,1,0,1,0,1,6
362,4.0,Pellè,90,SOU,NEW,2,0,0,0,3,13
362,5.0,Pellè,90,SOU,SWA,0,1,0,0,0,5
362,6.0,Pellè,90,SOU,QPR,1,0,0,0,3,9
362,7.0,Pellè,90,SOU,TOT,0,0,0,0,0,2
362,8.0,Pellè,79,SOU,SUN,2,1,0,0,2,15
362,9.0,Pellè,90,SOU,STK,0,1,0,0,0,5
362,10.0,Pellè,90,SOU,HUL,0,0,0,0,0,2
362,11.0,Pellè,90,SOU,LEI,0,1,0,0,0,5
362,12.0,Pellè,90,SOU,AVL,0,0,0,0,0,2
362,13.0,Pellè,90,SOU,MCI,0,0,0,0,0,2
362,14.0,Pellè,90,SOU,ARS,0,0,0,0,0,2
362,15.0,Pellè,90,SOU,MUN,1,0,0,0,1,7
362,16.0,Pellè,90,SOU,BUR,0,0,1,0,0,1
362,17.0,Pellè,90,SOU,EVE,1,0,0,0,0,6
362,18.0,Pellè,71,SOU,CRY,0,0,0,0,0,2
362,19.0,Pellè,90,SOU,CHE,0,0,1,0,0,1
362,20.0,Pellè,90,SOU,ARS,0,0,0,0,0,2
362,21.0,Pellè,90,SOU,MUN,0,1,1,0,0,4
362,22.0,Pellè,90,SOU,NEW,0,0,0,0,0,2
362,23.0,Pellè,90,SOU,SWA,0,0,0,0,0,2
362,24.0,Pellè,90,SOU,QPR,0,0,0,0,0,2
362,25.0,Pellè,90,SOU,WHU,0,0,0,0,0,2
362,26.0,Pellè,90,SOU,LIV,0,0,0,0,0,2
362,27.0,Pellè,90,SOU,WBA,0,0,0,0,0,2
362,28.0,Pellè,69,SOU,CRY,0,0,0,0,0,2
362,29.0,Pellè,8,SOU,CHE,0,0,0,0,0,1
362,30.0,Pellè,90,SOU,BUR,0,0,0,0,0,2
362,31.0,Pellè,90,SOU,EVE,0,0,0,0,0,2
362,32.0,Pellè,90,SOU,HUL,1,0,1,0,0,5
362,33.0,Pellè,90,SOU,STK,0,0,0,0,0,2
362,34.0,Pellè,90,SOU,TOT,2,0,0,0,3,13
362,35.0,Pellè,90,SOU,SUN,0,0,1,0,0,1
362,36.0,Pellè,90,SOU,LEI,0,0,0,0,0,2
362,37.0,Pellè,84,SOU,AVL,1,1,0,0,1,10
362,38.0,Pellè,90,SOU,MCI,0,0,0,0,0,2
392,1.0,Adebayor,82,TOT,WHU,0,0,0,0,0,2
392,2.0,Adebayor,79,TOT,QPR,1,1,0,0,3,12
392,3.0,Adebayor,90,TOT,LIV,0,0,0,0,0,2
392,4.0,Adebayor,78,TOT,SUN,0,1,0,0,0,5
392,5.0,Adebayor,90,TOT,WBA,0,0,0,0,0,2
392,6.0,Adebayor,90,TOT,ARS,0,0,1,0,0,1
392,7.0,Adebayor,90,TOT,SOU,0,0,0,0,0,2
392,9.0,Adebayor,82,TOT,NEW,1,0,0,0,3,9
392,10.0,Adebayor,57,TOT,AVL,0,0,0,0,0,1
392,11.0,Adebayor,26,TOT,STK,0,0,0,0,0,1
392,22.0,Adebayor,30,TOT,SUN,0,0,0,0,0,1
392,29.0,Adebayor,12,TOT,MUN,0,0,0,0,0,1
392,35.0,Adebayor,7,TOT,MCI,0,0,0,0,0,1
393,1.0,Kane,8,TOT,WHU,0,1,0,0,0,4
393,2.0,Kane,22,TOT,QPR,0,0,0,0,0,1
393,4.0,Kane,12,TOT,SUN,0,0,0,0,0,-1
393,7.0,Kane,1,TOT,SOU,0,0,0,0,0,1
393,9.0,Kane,24,TOT,NEW,0,0,0,0,0,1
393,10.0,Kane,33,TOT,AVL,1,0,0,0,3,8
393,11.0,Kane,90,TOT,STK,0,0,0,0,0,2
393,12.0,Kane,90,TOT,HUL,1,0,0,0,2,8
393,13.0,Kane,90,TOT,EVE,0,1,0,0,0,5
393,14.0,Kane,90,TOT,CHE,0,0,0,0,0,2
393,15.0,Kane,90,TOT,CRY,0,0,0,0,0,2
393,16.0,Kane,90,TOT,SWA,1,0,0,0,2,8
393,17.0,Kane,83,TOT,BUR,1,0,0,0,2,8
393,18.0,Kane,83,TOT,LEI,1,1,0,0,3,12
393,19.0,Kane,90,TOT,MUN,0,0,0,0,0,2
393,20.0,Kane,90,TOT,CHE,2,2,1,0,3,18
393,21.0,Kane,90,TOT,CRY,1,0,0,0,1,7
393,22.0,Kane,90,TOT,SUN,0,0,0,0,0,2
393,23.0,Kane,87,TOT,WBA,2,0,0,0,3,13
393,24.0,Kane,90,TOT,ARS,2,0,1,0,3,12
393,25.0,Kane,90,TOT,LIV,1,1,1,0,3,11
393,26.0,Kane,90,TOT,WHU,1,0,0,0,0,4
393,28.0,Kane,75,TOT,SWA,0,0,0,0,0,2
393,28.5,Kane,90,TOT,QPR,2,0,0,0,3,13
393,29.0,Kane,90,TOT,MUN,0,0,0,0,0,2
393,30.0,Kane,90,TOT,LEI,3,0,0,0,3,17
393,31.0,Kane,90,TOT,BUR,0,0,0,0,0,2
393,32.0,Kane,90,TOT,AVL,0,0,0,0,0,2
393,33.0,Kane,90,TOT,NEW,1,0,0,0,0,6
393,34.0,Kane,90,TOT,SOU,0,1,0,0,0,5
393,35.0,Kane,90,TOT,MCI,0,0,1,0,0,1
393,36.0,Kane,90,TOT,STK,0,0,0,0,0,2
393,37.0,Kane,89,TOT,HUL,0,0,0,0,0,2
393,38.0,Kane,84,TOT,EVE,1,0,0,0,1,7
394,2.0,Soldado,11,TOT,QPR,0,0,0,0,0,1
394,5.0,Soldado,30,TOT,WBA,0,0,1,0,0,0
394,8.0,Soldado,90,TOT,MCI,0,1,0,0,0,3
394,9.0,Soldado,8,TOT,NEW,0,0,0,0,0,1
394,10.0,Soldado,90,TOT,AVL,0,0,0,0,0,2
394,12.0,Soldado,78,TOT,HUL,0,0,0,0,0,2
394,13.0,Soldado,80,TOT,EVE,1,0,0,0,2,8
394,14.0,Soldado,17,TOT,CHE,0,0,0,0,0,1
394,15.0,Soldado,82,TOT,CRY,0,0,0,0,0,2
394,16.0,Soldado,55,TOT,SWA,0,0,0,0,0,1
394,17.0,Soldado,7,TOT,BUR,0,0,0,0,0,1
394,18.0,Soldado,28,TOT,LEI,0,0,0,0,0,1
394,21.0,Soldado,16,TOT,CRY,0,0,0,0,0,1
394,22.0,Soldado,60,TOT,SUN,0,0,0,0,0,2
394,23.0,Soldado,3,TOT,WBA,0,0,0,0,0,1
394,25.0,Soldado,6,TOT,LIV,0,0,0,0,0,1
394,26.0,Soldado,31,TOT,WHU,0,0,0,0,0,1
394,28.0,Soldado,15,TOT,SWA,0,0,0,0,0,1
394,32.0,Soldado,29,TOT,AVL,0,0,0,0,0,1
394,34.0,Soldado,4,TOT,SOU,0,0,0,0,0,1
394,35.0,Soldado,32,TOT,MCI,0,0,0,0,0,1
394,36.0,Soldado,30,TOT,STK,0,0,0,0,0,1
394,37.0,Soldado,1,TOT,HUL,0,0,0,0,0,1
394,38.0,Soldado,1,TOT,EVE,0,0,0,0,0,1
419,1.0,Crouch,20,STK,AVL,0,0,0,0,0,1
419,2.0,Crouch,36,STK,HUL,0,0,0,0,0,1
419,3.0,Crouch,90,STK,MCI,0,0,0,0,0,2
419,4.0,Crouch,90,STK,LEI,0,0,1,0,0,1
419,5.0,Crouch,90,STK,QPR,1,1,0,0,3,12
419,6.0,Crouch,90,STK,NEW,1,0,0,0,3,9
419,7.0,Crouch,77,STK,SUN,0,0,0,0,0,2
419,8.0,Crouch,90,STK,SWA,0,0,0,0,0,2
419,9.0,Crouch,90,STK,SOU,0,0,0,0,0,2
419,12.0,Crouch,31,STK,BUR,0,0,0,0,0,1
419,13.0,Crouch,3,STK,LIV,0,0,0,0,0,1
419,14.0,Crouch,14,STK,MUN,0,0,0,0,0,1
419,15.0,Crouch,90,STK,ARS,1,1,1,0,0,8
419,16.0,Crouch,90,STK,CRY,1,0,0,0,3,9
419,17.0,Crouch,62,STK,CHE,0,0,0,0,0,2
419,18.0,Crouch,1,STK,EVE,0,0,0,0,0,1
419,19.0,Crouch,62,STK,WBA,0,0,0,0,0,2
419,20.0,Crouch,90,STK,MUN,0,1,0,0,0,5
419,21.0,Crouch,90,STK,ARS,0,0,1,0,0,1
419,22.0,Crouch,10,STK,LEI,0,0,0,0,0,1
419,23.0,Crouch,28,STK,QPR,0,0,0,0,0,1
419,24.0,Crouch,9,STK,NEW,1,0,0,0,2,7
419,25.0,Crouch,90,STK,MCI,1,0,0,0,0,6
419,27.0,Crouch,21,STK,HUL,1,0,0,0,3,8
419,28.0,Crouch,63,STK,EVE,0,0,0,0,0,2
419,29.0,Crouch,90,STK,WBA,0,0,0,0,0,2
419,30.0,Crouch,77,STK,CRY,0,0,0,0,0,2
419,31.0,Crouch,13,STK,CHE,0,0,1,0,0,0
419,33.0,Crouch,15,STK,SOU,0,0,0,0,0,1
419,34.0,Crouch,20,STK,SUN,0,0,0,0,0,1
419,35.0,Crouch,11,STK,SWA,0,0,0,0,0,1
419,37.0,Crouch,22,STK,BUR,0,0,0,0,0,1
419,38.0,Crouch,10,STK,LIV,1,0,0,0,0,5
421,1.0,Diouf,70,STK,AVL,0,0,0,0,0,2
421,2.0,Diouf,90,STK,HUL,0,0,1,0,0,1
421,3.0,Diouf,90,STK,MCI,1,0,0,0,3,9
421,4.0,Diouf,17,STK,LEI,0,0,0,0,0,1
421,5.0,Diouf,90,STK,QPR,1,0,1,0,0,5
421,6.0,Diouf,22,STK,NEW,0,0,0,0,0,1
421,8.0,Diouf,61,STK,SWA,0,0,1,0,0,1
421,9.0,Diouf,38,STK,SOU,0,0,0,0,0,1
421,10.0,Diouf,90,STK,WHU,1,0,0,0,1,7
421,11.0,Diouf,90,STK,TOT,0,1,0,0,0,5
421,12.0,Diouf,59,STK,BUR,0,0,1,0,0,0
421,13.0,Diouf,90,STK,LIV,0,0,0,0,0,2
421,14.0,Diouf,90,STK,MUN,0,0,0,0,0,2
421,15.0,Diouf,68,STK,ARS,0,1,0,0,0,5
421,16.0,Diouf,90,STK,CRY,0,0,0,0,0,2
421,17.0,Diouf,28,STK,CHE,0,0,0,0,0,1
421,18.0,Diouf,90,STK,EVE,0,0,0,0,0,2
421,19.0,Diouf,90,STK,WBA,2,0,0,0,3,13
421,20.0,Diouf,90,STK,MUN,0,0,0,0,0,2
421,24.0,Diouf,90,STK,NEW,0,0,0,0,0,2
421,25.0,Diouf,90,STK,MCI,0,0,0,0,0,2
421,26.0,Diouf,90,STK,AVL,1,0,0,0,3,9
421,27.0,Diouf,69,STK,HUL,0,0,0,0,0,2
421,28.0,Diouf,27,STK,EVE,1,0,0,0,2,7
421,29.0,Diouf,23,STK,WBA,0,0,1,0,0,0
421,30.0,Diouf,90,STK,CRY,1,0,0,0,0,6
421,31.0,Diouf,61,STK,CHE,0,0,0,0,0,2
421,32.0,Diouf,47,STK,WHU,0,0,0,0,0,1
421,33.0,Diouf,75,STK,SOU,1,0,0,0,2,8
421,34.0,Diouf,70,STK,SUN,0,0,1,0,0,1
421,35.0,Diouf,79,STK,SWA,0,0,0,0,0,2
421,36.0,Diouf,90,STK,TOT,1,0,0,0,1,7
421,37.0,Diouf,90,STK,BUR,0,0,1,0,0,1
421,38.0,Diouf,90,STK,2,2,1,0,0,3,16
440,1.0,Wickham,90,SUN,WBA,0,0,0,0,0,2
440,2.0,Wickham,90,SUN,MUN,0,0,0,0,0,2
440,3.0,Wickham,90,SUN,QPR,0,0,0,0,0,2
440,4.0,Wickham,90,SUN,TOT,0,0,1,0,0,1
440,5.0,Wickham,90,SUN,BUR,0,0,0,0,0,2
440,6.0,Wickham,77,SUN,SWA,0,0,0,0,0,2
440,7.0,Wickham,90,SUN,STK,1,1,0,0,2,11
440,8.0,Wickham,90,SUN,SOU,0,0,1,0,0,1
440,9.0,Wickham,41,SUN,ARS,0,0,1,0,0,0
440,10.0,Wickham,77,SUN,CRY,0,0,0,0,0,2
440,11.0,Wickham,90,SUN,EVE,0,0,0,0,0,2
440,12.0,Wickham,90,SUN,LEI,0,0,0,0,0,2
440,13.0,Wickham,90,SUN,CHE,0,0,0,0,0,2
440,14.0,Wickham,66,SUN,MCI,1,0,0,0,0,6
440,15.0,Wickham,90,SUN,LIV,0,0,0,0,0,2
440,16.0,Wickham,90,SUN,WHU,0,0,1,0,0,1
440,17.0,Wickham,80,SUN,NEW,0,0,1,0,0,1
440,19.0,Wickham,90,SUN,AVL,0,0,0,0,0,2
440,20.0,Wickham,90,SUN,MCI,0,0,0,0,0,2
440,21.0,Wickham,76,SUN,LIV,0,0,0,0,0,2
440,22.0,Wickham,26,SUN,TOT,0,0,0,0,0,1
440,23.0,Wickham,75,SUN,BUR,1,0,0,0,0,6
440,25.0,Wickham,81,SUN,QPR,0,0,0,0,0,2
440,26.0,Wickham,23,SUN,WBA,0,0,0,0,0,1
440,27.0,Wickham,66,SUN,MUN,0,0,0,0,0,2
440,28.0,Wickham,17,SUN,HUL,0,0,0,0,0,1
440,29.0,Wickham,45,SUN,AVL,0,0,0,0,0,1
440,30.0,Wickham,90,SUN,WHU,0,0,1,0,0,1
440,31.0,Wickham,90,SUN,NEW,0,0,1,0,0,1
440,32.0,Wickham,90,SUN,CRY,1,0,0,0,1,7
440,34.0,Wickham,90,SUN,STK,1,0,0,0,1,7
440,35.0,Wickham,90,SUN,SOU,0,0,0,0,0,2
440,36.0,Wickham,83,SUN,EVE,0,0,0,0,0,2
440,37.0,Wickham,90,SUN,LEI,0,0,1,0,0,1
440,37.5,Wickham,45,SUN,ARS,0,0,0,0,0,1
440,38.0,Wickham,90,SUN,CHE,0,0,0,0,0,2
441,1.0,Fletcher,90,SUN,WBA,0,0,0,0,0,2
441,2.0,Fletcher,76,SUN,MUN,0,0,0,0,0,2
441,3.0,Fletcher,68,SUN,QPR,0,0,0,0,0,2
441,6.0,Fletcher,13,SUN,SWA,0,0,0,0,0,1
441,7.0,Fletcher,90,SUN,STK,2,1,1,0,3,15
441,8.0,Fletcher,90,SUN,SOU,0,0,0,0,0,2
441,9.0,Fletcher,49,SUN,ARS,0,0,0,0,0,1
441,10.0,Fletcher,90,SUN,CRY,2,0,0,0,3,13
441,11.0,Fletcher,90,SUN,EVE,0,0,0,0,0,2
441,12.0,Fletcher,90,SUN,LEI,0,0,1,0,0,1
441,13.0,Fletcher,61,SUN,CHE,0,0,0,0,0,2
441,14.0,Fletcher,54,SUN,MCI,0,0,0,0,0,1
441,16.0,Fletcher,29,SUN,WHU,0,0,0,0,0,1
441,17.0,Fletcher,90,SUN,NEW,0,0,0,0,0,2
441,18.0,Fletcher,90,SUN,HUL,0,0,1,0,0,1
441,19.0,Fletcher,90,SUN,AVL,0,0,0,0,0,2
441,22.0,Fletcher,64,SUN,TOT,0,0,0,0,0,2
441,23.0,Fletcher,16,SUN,BUR,0,0,0,0,0,1
441,24.0,Fletcher,15,SUN,SWA,0,0,1,0,0,0
441,25.0,Fletcher,9,SUN,QPR,0,0,0,0,0,1
441,26.0,Fletcher,23,SUN,WBA,0,0,0,0,0,1
441,27.0,Fletcher,10,SUN,MUN,0,0,0,0,0,1
441,29.0,Fletcher,82,SUN,AVL,0,0,0,0,0,2
441,30.0,Fletcher,72,SUN,WHU,0,0,0,0,0,2
441,31.0,Fletcher,90,SUN,NEW,0,1,0,0,0,5
441,32.0,Fletcher,90,SUN,CRY,0,0,0,0,0,2
441,36.0,Fletcher,7,SUN,EVE,0,0,0,0,0,1
441,37.0,Fletcher,11,SUN,LEI,0,0,0,0,0,1
441,37.5,Fletcher,45,SUN,ARS,0,0,0,0,0,1
441,38.0,Fletcher,90,SUN,CHE,1,0,0,0,0,6
442,21.0,Mandron,5,SUN,LIV,0,0,0,0,0,1
444,1.0,Altidore,10,SUN,WBA,0,0,0,0,0,1
444,2.0,Altidore,14,SUN,MUN,0,0,0,0,0,1
444,3.0,Altidore,9,SUN,QPR,0,0,0,0,0,1
444,5.0,Altidore,24,SUN,BUR,0,0,0,0,0,1
444,9.0,Altidore,17,SUN,ARS,0,0,0,0,0,1
444,10.0,Altidore,13,SUN,CRY,0,0,0,0,0,1
444,13.0,Altidore,29,SUN,CHE,0,0,0,0,0,1
444,14.0,Altidore,36,SUN,MCI,0,0,0,0,0,1
444,15.0,Altidore,69,SUN,LIV,0,0,0,0,0,2
444,16.0,Altidore,61,SUN,WHU,0,0,0,0,0,2
444,18.0,Altidore,29,SUN,HUL,0,0,0,0,0,1
446,21.0,Graham,14,SUN,LIV,0,0,0,0,0,1
446,22.0,Graham,16,SUN,TOT,0,0,0,0,0,1
446,23.0,Graham,15,SUN,BUR,0,0,0,0,0,1
446,24.0,Graham,75,SUN,SWA,0,0,0,0,0,2
446,26.0,Graham,67,SUN,WBA,0,0,0,0,0,2
446,27.0,Graham,24,SUN,MUN,0,0,0,0,0,1
446,28.0,Graham,73,SUN,HUL,0,0,0,0,0,2
446,29.0,Graham,8,SUN,AVL,0,0,0,0,0,1
446,30.0,Graham,3,SUN,WHU,0,0,0,0,0,1
446,34.0,Graham,45,SUN,STK,0,0,0,0,0,1
446,35.0,Graham,90,SUN,SOU,0,1,0,0,0,5
446,36.0,Graham,73,SUN,EVE,1,0,0,0,3,9
446,37.0,Graham,79,SUN,LEI,0,0,0,0,0,2
446,37.5,Graham,45,SUN,ARS,0,0,0,0,0,1
472,1.0,Bony,76,SWA,MUN,0,0,0,0,0,2
472,2.0,Bony,63,SWA,BUR,0,0,0,0,0,2
472,3.0,Bony,75,SWA,WBA,0,0,0,0,0,2
472,4.0,Bony,15,SWA,CHE,0,1,0,0,0,4
472,5.0,Bony,38,SWA,SOU,0,0,0,1,0,-2
472,6.0,Bony,18,SWA,SUN,0,0,0,0,0,1
472,7.0,Bony,90,SWA,NEW,1,0,0,0,0,6
472,8.0,Bony,90,SWA,STK,1,0,1,0,2,7
472,9.0,Bony,82,SWA,LEI,2,0,0,0,3,13
472,10.0,Bony,60,SWA,EVE,0,0,1,0,0,1
472,11.0,Bony,75,SWA,ARS,0,0,0,0,0,2
472,12.0,Bony,90,SWA,MCI,1,0,0,0,1,7
472,13.0,Bony,74,SWA,CRY,1,0,0,0,1,7
472,14.0,Bony,90,SWA,QPR,0,1,0,0,0,5
472,15.0,Bony,90,SWA,WHU,1,0,0,0,1,7
472,16.0,Bony,84,SWA,TOT,1,0,0,0,1,7
472,17.0,Bony,15,SWA,HUL,0,0,0,0,0,1
472,18.0,Bony,90,SWA,AVL,0,0,0,0,0,2
472,19.0,Bony,61,SWA,LIV,0,0,0,0,0,2
472,20.0,Bony,20,SWA,QPR,1,0,0,0,3,8
472,26.0,Bony,31,MCI,NEW,0,0,0,0,0,1
472,27.0,Bony,13,MCI,LIV,0,0,1,0,0,0
472,28.0,Bony,71,MCI,LEI,0,0,0,0,0,2
472,29.0,Bony,28,MCI,BUR,0,0,0,0,0,1
472,30.0,Bony,77,MCI,WBA,1,0,0,0,2,8
472,34.0,Bony,8,MCI,AVL,0,0,0,0,0,1
472,35.0,Bony,15,MCI,TOT,0,0,0,0,0,1
472,36.0,Bony,28,MCI,QPR,0,1,0,0,0,4
472,37.0,Bony,6,MCI,SWA,1,0,0,0,0,5
472,38.0,Bony,25,MCI,SOU,0,0,0,0,0,1
474,1.0,Gomis,14,SWA,MUN,0,0,0,0,0,1
474,2.0,Gomis,27,SWA,BUR,0,0,0,0,0,1
474,3.0,Gomis,15,SWA,WBA,0,0,0,0,0,1
474,4.0,Gomis,75,SWA,CHE,0,0,0,0,0,2
474,6.0,Gomis,72,SWA,SUN,0,0,0,0,0,2
474,8.0,Gomis,26,SWA,STK,0,0,0,0,0,1
474,9.0,Gomis,8,SWA,LEI,0,0,0,0,0,1
474,10.0,Gomis,30,SWA,EVE,0,0,0,0,0,1
474,11.0,Gomis,15,SWA,ARS,1,0,0,0,2,7
474,12.0,Gomis,12,SWA,MCI,0,0,0,0,0,1
474,13.0,Gomis,16,SWA,CRY,0,0,0,0,0,1
474,15.0,Gomis,16,SWA,WHU,0,0,0,0,0,1
474,16.0,Gomis,6,SWA,TOT,0,0,0,0,0,1
474,17.0,Gomis,75,SWA,HUL,0,0,0,0,0,2
474,19.0,Gomis,29,SWA,LIV,0,0,0,0,0,1
474,20.0,Gomis,90,SWA,QPR,0,0,0,0,0,2
474,21.0,Gomis,90,SWA,WHU,0,1,0,0,0,5
474,22.0,Gomis,90,SWA,CHE,0,0,0,0,0,2
474,23.0,Gomis,90,SWA,SOU,0,0,0,0,0,2
474,24.0,Gomis,90,SWA,SUN,0,0,0,0,0,2
474,25.0,Gomis,90,SWA,WBA,0,0,0,0,0,2
474,26.0,Gomis,90,SWA,MUN,1,0,0,0,0,6
474,27.0,Gomis,90,SWA,BUR,0,0,0,0,0,2
474,28.0,Gomis,11,SWA,TOT,0,0,0,0,0,1
474,29.0,Gomis,90,SWA,LIV,0,0,0,0,0,2
474,30.0,Gomis,90,SWA,AVL,1,0,0,0,0,6
474,31.0,Gomis,90,SWA,HUL,2,0,0,0,3,13
474,32.0,Gomis,16,SWA,EVE,0,0,0,0,0,1
474,36.0,Gomis,17,SWA,ARS,1,0,0,0,1,6
474,37.0,Gomis,90,SWA,MCI,1,0,0,0,0,6
474,38.0,Gomis,90,SWA,CRY,0,0,0,0,0,2
475,5.0,Emnes,6,SWA,SOU,0,0,0,0,0,1
475,7.0,Emnes,5,SWA,NEW,0,0,0,0,0,1
475,8.0,Emnes,6,SWA,STK,0,0,0,0,0,1
475,11.0,Emnes,66,SWA,ARS,0,0,0,0,0,2
475,17.0,Emnes,34,SWA,HUL,0,0,0,0,0,1
475,18.0,Emnes,13,SWA,AVL,0,0,0,0,0,1
475,20.0,Emnes,31,SWA,QPR,0,0,0,0,0,1
475,21.0,Emnes,29,SWA,WHU,0,0,0,0,0,1
475,22.0,Emnes,59,SWA,CHE,0,0,0,0,0,1
475,23.0,Emnes,15,SWA,SOU,0,0,0,0,0,1
475,29.0,Emnes,2,SWA,LIV,0,0,0,0,0,1
475,32.0,Emnes,74,SWA,EVE,0,1,1,0,0,4
475,33.0,Emnes,16,SWA,LEI,0,0,0,0,0,1
475,34.0,Emnes,10,SWA,NEW,0,0,1,0,0,0
475,35.0,Emnes,50,SWA,STK,0,0,0,0,0,1
475,37.0,Emnes,8,SWA,MCI,0,0,0,0,0,1
475,38.0,Emnes,90,SWA,CRY,0,0,0,0,0,2
495,1.0,Anichebe,90,WBA,SUN,0,1,0,0,0,5
495,2.0,Anichebe,51,WBA,SOU,0,0,0,0,0,1
495,5.0,Anichebe,1,WBA,TOT,0,0,0,0,0,1
495,9.0,Anichebe,45,WBA,CRY,1,1,0,0,3,11
495,10.0,Anichebe,3,WBA,LEI,0,0,0,0,0,1
495,11.0,Anichebe,90,WBA,NEW,0,0,0,0,0,2
495,12.0,Anichebe,13,WBA,CHE,0,0,0,0,0,1
495,13.0,Anichebe,26,WBA,ARS,0,0,0,0,0,1
495,14.0,Anichebe,90,WBA,WHU,0,0,0,0,0,2
495,15.0,Anichebe,72,WBA,HUL,0,0,0,0,0,2
495,21.0,Anichebe,18,WBA,HUL,0,1,0,0,0,4
495,22.0,Anichebe,78,WBA,EVE,0,0,0,0,0,2
495,23.0,Anichebe,90,WBA,TOT,0,0,0,0,0,2
495,24.0,Anichebe,17,WBA,BUR,0,0,0,0,0,1
495,30.0,Anichebe,5,WBA,MCI,0,0,0,0,0,1
495,31.0,Anichebe,45,WBA,QPR,1,0,0,0,1,6
495,32.0,Anichebe,31,WBA,LEI,0,0,0,0,0,1
495,33.0,Anichebe,90,WBA,CRY,0,0,0,0,0,2
495,34.0,Anichebe,63,WBA,LIV,0,0,0,0,0,2
495,36.0,Anichebe,77,WBA,NEW,1,0,0,0,2,8
495,38.0,Anichebe,40,WBA,ARS,0,0,0,0,0,1
496,1.0,Berahino,90,WBA,SUN,2,0,0,0,3,13
496,2.0,Berahino,88,WBA,SOU,0,0,0,0,0,2
496,3.0,Berahino,90,WBA,SWA,0,0,0,0,0,2
496,4.0,Berahino,90,WBA,EVE,0,0,0,0,0,2
496,5.0,Berahino,90,WBA,TOT,0,0,0,0,0,2
496,6.0,Berahino,90,WBA,BUR,2,0,0,0,2,12
496,7.0,Berahino,90,WBA,LIV,1,0,0,0,0,6
496,8.0,Berahino,90,WBA,MUN,1,0,0,0,0,6
496,9.0,Berahino,90,WBA,CRY,1,0,0,0,1,7
496,10.0,Berahino,87,WBA,LEI,0,0,0,0,0,2
496,11.0,Berahino,90,WBA,NEW,0,0,0,0,0,2
496,12.0,Berahino,77,WBA,CHE,0,0,0,0,0,2
496,13.0,Berahino,90,WBA,ARS,0,0,0,0,0,2
496,14.0,Berahino,90,WBA,WHU,0,0,0,0,0,2
496,15.0,Berahino,18,WBA,HUL,0,0,0,0,0,1
496,16.0,Berahino,21,WBA,AVL,0,0,0,0,0,1
496,17.0,Berahino,22,WBA,QPR,0,0,0,0,0,1
496,18.0,Berahino,90,WBA,MCI,0,0,0,0,0,2
496,19.0,Berahino,28,WBA,STK,0,0,0,0,0,1
496,20.0,Berahino,72,WBA,WHU,1,0,0,0,3,9
496,21.0,Berahino,90,WBA,HUL,1,0,0,0,3,9
496,22.0,Berahino,69,WBA,EVE,0,0,0,0,0,2
496,23.0,Berahino,90,WBA,TOT,0,0,1,0,0,1
496,24.0,Berahino,73,WBA,BUR,0,0,0,0,0,2
496,25.0,Berahino,90,WBA,SWA,1,0,0,0,2,8
496,26.0,Berahino,90,WBA,SUN,0,0,0,0,0,2
496,27.0,Berahino,55,WBA,SOU,1,0,0,0,3,8
496,28.0,Berahino,90,WBA,AVL,1,0,1,0,1,6
496,29.0,Berahino,90,WBA,STK,0,0,0,0,0,2
496,30.0,Berahino,85,WBA,MCI,0,0,0,0,0,2
496,31.0,Berahino,90,WBA,QPR,0,1,0,0,0,5
496,32.0,Berahino,90,WBA,LEI,0,0,0,0,0,2
496,33.0,Berahino,87,WBA,CRY,0,0,0,0,0,2
496,34.0,Berahino,74,WBA,LIV,0,0,0,0,0,2
496,35.0,Berahino,79,WBA,MUN,0,0,0,0,0,2
496,36.0,Berahino,22,WBA,NEW,0,0,0,0,0,1
496,37.0,Berahino,78,WBA,CHE,2,0,0,0,3,13
496,38.0,Berahino,90,WBA,ARS,0,0,0,0,0,2
516,11.0,Carroll,1,WHU,AVL,0,0,0,0,0,1
516,12.0,Carroll,90,WHU,EVE,0,0,0,0,0,2
516,13.0,Carroll,90,WHU,NEW,0,0,0,0,0,2
516,14.0,Carroll,64,WHU,WBA,0,1,0,0,0,5
516,15.0,Carroll,90,WHU,SWA,2,1,0,0,3,16
516,16.0,Carroll,90,WHU,SUN,0,0,0,0,0,2
516,17.0,Carroll,90,WHU,LEI,1,0,0,0,0,6
516,18.0,Carroll,58,WHU,CHE,0,0,0,0,0,1
516,19.0,Carroll,90,WHU,ARS,0,0,1,0,0,1
516,20.0,Carroll,83,WHU,WBA,0,0,0,0,0,2
516,21.0,Carroll,90,WHU,SWA,1,0,0,0,3,9
516,22.0,Carroll,90,WHU,HUL,1,0,0,0,1,7
516,23.0,Carroll,62,WHU,LIV,0,0,1,0,0,1
516,25.0,Carroll,36,WHU,SOU,0,0,0,0,0,1
517,1.0,Vaz Te,67,WHU,TOT,0,0,0,0,0,2
517,2.0,Vaz Te,90,WHU,CRY,0,0,0,0,0,2
517,3.0,Vaz Te,57,WHU,SOU,0,0,0,0,0,1
517,12.0,Vaz Te,9,WHU,EVE,0,0,0,0,0,1
519,38.0,Lee,14,WHU,NEW,0,0,0,0,0,1
520,1.0,Cole,80,WHU,TOT,0,0,0,0,0,2
520,2.0,Cole,67,WHU,CRY,1,0,0,0,0,6
520,3.0,Cole,78,WHU,SOU,0,0,0,0,0,2
520,6.0,Cole,30,WHU,MUN,0,0,0,0,0,1
520,8.0,Cole,32,WHU,BUR,1,0,0,0,0,5
520,9.0,Cole,15,WHU,MCI,0,0,0,0,0,1
520,10.0,Cole,45,WHU,STK,0,0,0,0,0,1
520,11.0,Cole,16,WHU,AVL,0,0,0,0,0,1
520,12.0,Cole,50,WHU,EVE,0,0,0,0,0,1
520,14.0,Cole,13,WHU,WBA,0,0,0,0,0,1
520,20.0,Cole,7,WHU,WBA,0,0,0,0,0,1
520,23.0,Cole,28,WHU,LIV,0,0,0,0,0,1
520,25.0,Cole,62,WHU,SOU,0,0,1,0,0,1
520,26.0,Cole,19,WHU,TOT,0,0,0,0,0,1
520,30.0,Cole,45,WHU,SUN,0,0,0,0,0,1
520,31.0,Cole,11,WHU,LEI,0,0,0,0,0,1
520,32.0,Cole,32,WHU,STK,0,0,1,0,0,0
520,33.0,Cole,65,WHU,MCI,0,0,0,0,0,2
520,34.0,Cole,36,WHU,QPR,0,0,0,0,0,1
520,35.0,Cole,9,WHU,BUR,0,0,0,0,0,1
520,36.0,Cole,13,WHU,AVL,0,0,0,0,0,1
520,37.0,Cole,69,WHU,EVE,0,0,0,0,0,2
520,38.0,Cole,90,WHU,NEW,0,0,0,0,0,2
521,2.0,Zárate,82,WHU,CRY,1,0,0,0,1,7
521,3.0,Zárate,56,WHU,SOU,0,1,0,0,0,4
521,4.0,Zárate,61,WHU,HUL,0,0,0,0,0,2
521,7.0,Zárate,75,WHU,QPR,0,0,0,0,0,2
521,12.0,Zárate,40,WHU,EVE,1,0,0,0,2,7
521,13.0,Zárate,21,WHU,NEW,0,0,1,0,0,0
521,14.0,Zárate,77,WHU,WBA,0,0,0,0,0,2
521,21.0,Zárate,15,QPR,BUR,0,0,0,0,0,1
521,24.0,Zárate,28,QPR,SOU,0,0,0,0,0,1
521,25.0,Zárate,16,QPR,SUN,0,0,0,0,0,1
521,26.0,Zárate,16,QPR,HUL,0,0,1,0,0,0
522,1.0,Costa,90,CHE,BUR,1,0,1,0,1,6
522,2.0,Costa,79,CHE,LEI,1,0,0,0,0,6
522,3.0,Costa,90,CHE,EVE,2,0,1,0,3,12
522,4.0,Costa,71,CHE,SWA,3,0,0,0,3,17
522,5.0,Costa,85,CHE,MCI,0,0,1,0,0,1
522,6.0,Costa,80,CHE,AVL,1,0,0,0,0,6
522,7.0,Costa,90,CHE,ARS,1,0,0,0,0,6
522,10.0,Costa,77,CHE,QPR,0,0,0,0,0,2
522,11.0,Costa,89,CHE,LIV,1,0,1,0,2,7
522,12.0,Costa,83,CHE,WBA,1,0,0,0,0,6
522,13.0,Costa,75,CHE,SUN,0,0,1,0,0,1
522,15.0,Costa,90,CHE,NEW,0,0,1,0,0,1
522,16.0,Costa,90,CHE,HUL,1,0,1,0,0,5
522,17.0,Costa,84,CHE,STK,0,0,0,0,0,2
522,18.0,Costa,82,CHE,WHU,1,1,0,0,2,11
522,19.0,Costa,88,CHE,SOU,0,0,0,0,0,2
522,20.0,Costa,90,CHE,TOT,1,0,0,0,0,6
522,21.0,Costa,83,CHE,NEW,1,0,0,0,0,6
522,22.0,Costa,74,CHE,SWA,2,1,0,0,3,16
522,26.0,Costa,90,CHE,BUR,0,0,0,0,0,2
522,28.0,Costa,90,CHE,WHU,0,0,0,0,0,2
522,29.0,Costa,90,CHE,SOU,1,0,0,0,0,6
522,30.0,Costa,74,CHE,HUL,1,1,0,0,3,12
522,31.0,Costa,11,CHE,STK,0,0,0,0,0,1
522,37.0,Costa,63,CHE,WBA,0,0,1,0,0,1
522,38.0,Costa,61,CHE,SUN,1,0,0,0,1,7
523,1.0,Jutkiewicz,69,BUR,CHE,0,0,0,0,0,2
523,2.0,Jutkiewicz,81,BUR,SWA,0,0,0,0,0,2
523,3.0,Jutkiewicz,90,BUR,MUN,0,0,0,0,0,2
523,4.0,Jutkiewicz,90,BUR,CRY,0,0,0,0,0,2
523,5.0,Jutkiewicz,90,BUR,SUN,0,0,0,0,0,2
523,6.0,Jutkiewicz,67,BUR,WBA,0,0,0,0,0,2
523,7.0,Jutkiewicz,90,BUR,LEI,0,1,0,0,0,5
523,8.0,Jutkiewicz,64,BUR,WHU,0,0,0,0,0,2
523,9.0,Jutkiewicz,64,BUR,EVE,0,1,0,0,0,5
523,10.0,Jutkiewicz,22,BUR,ARS,0,0,0,0,0,1
523,11.0,Jutkiewicz,16,BUR,HUL,0,0,1,0,0,0
523,12.0,Jutkiewicz,31,BUR,STK,0,0,0,0,0,1
523,13.0,Jutkiewicz,26,BUR,AVL,0,1,0,0,0,4
523,14.0,Jutkiewicz,6,BUR,NEW,0,0,0,0,0,1
523,15.0,Jutkiewicz,5,BUR,QPR,0,0,0,0,0,1
523,17.0,Jutkiewicz,2,BUR,TOT,0,0,0,0,0,1
523,18.0,Jutkiewicz,1,BUR,LIV,0,0,0,0,0,1
523,23.0,Jutkiewicz,30,BUR,SUN,0,0,0,0,0,1
523,25.0,Jutkiewicz,1,BUR,MUN,0,0,0,0,0,1
523,27.0,Jutkiewicz,1,BUR,SWA,0,0,0,0,0,1
523,28.0,Jutkiewicz,1,BUR,LIV,0,0,0,0,0,1
523,30.0,Jutkiewicz,17,BUR,SOU,0,0,0,0,0,1
523,31.0,Jutkiewicz,15,BUR,TOT,0,0,0,0,0,1
523,33.0,Jutkiewicz,32,BUR,EVE,0,0,0,0,0,1
523,34.0,Jutkiewicz,70,BUR,LEI,0,0,0,0,0,2
526,1.0,Rivière,82,NEW,MCI,0,0,0,0,0,2
526,2.0,Rivière,76,NEW,AVL,0,0,0,0,0,2
526,3.0,Rivière,90,NEW,CRY,0,1,0,0,0,5
526,4.0,Rivière,90,NEW,SOU,0,0,0,0,0,2
526,5.0,Rivière,68,NEW,HUL,0,0,0,0,0,2
526,6.0,Rivière,45,NEW,STK,0,0,0,0,0,1
526,7.0,Rivière,22,NEW,SWA,0,0,0,0,0,1
526,14.0,Rivière,16,NEW,BUR,0,0,0,0,0,1
526,16.0,Rivière,35,NEW,ARS,0,0,0,0,0,1
526,19.0,Rivière,18,NEW,EVE,0,0,0,0,0,1
526,20.0,Rivière,56,NEW,BUR,0,0,0,0,0,1
526,21.0,Rivière,7,NEW,CHE,0,0,0,0,0,1
526,22.0,Rivière,23,NEW,SOU,0,0,0,0,0,1
526,25.0,Rivière,1,NEW,CRY,0,0,0,0,0,1
526,27.0,Rivière,72,NEW,AVL,0,0,0,0,0,2
526,28.0,Rivière,58,NEW,MUN,0,0,0,0,0,1
526,29.0,Rivière,61,NEW,EVE,0,0,0,0,0,2
526,31.0,Rivière,33,NEW,SUN,0,0,0,0,0,1
526,34.0,Rivière,73,NEW,SWA,0,1,0,0,0,5
526,35.0,Rivière,63,NEW,LEI,0,0,0,0,0,2
526,36.0,Rivière,68,NEW,WBA,0,0,0,0,0,2
526,37.0,Rivière,62,NEW,QPR,1,0,0,0,1,7
526,38.0,Rivière,90,NEW,WHU,0,0,0,0,0,2
530,1.0,Valencia,10,WHU,TOT,0,0,0,0,0,1
530,3.0,Valencia,12,WHU,SOU,0,0,0,0,0,1
530,4.0,Valencia,90,WHU,HUL,1,0,0,0,2,8
530,5.0,Valencia,75,WHU,LIV,0,0,0,0,0,2
530,6.0,Valencia,90,WHU,MUN,0,1,0,0,0,5
530,7.0,Valencia,84,WHU,QPR,0,0,0,0,0,2
530,8.0,Valencia,58,WHU,BUR,1,0,0,0,1,6
530,9.0,Valencia,75,WHU,MCI,0,1,0,0,0,5
530,10.0,Valencia,90,WHU,STK,1,1,0,0,2,11
530,11.0,Valencia,74,WHU,AVL,0,0,0,0,0,2
530,14.0,Valencia,26,WHU,WBA,0,0,0,0,0,1
530,15.0,Valencia,45,WHU,SWA,0,0,0,0,0,1
530,16.0,Valencia,10,WHU,SUN,0,0,0,0,0,1
530,17.0,Valencia,12,WHU,LEI,0,0,0,0,0,1
530,18.0,Valencia,90,WHU,CHE,0,0,0,0,0,2
530,19.0,Valencia,29,WHU,ARS,0,0,0,0,0,1
530,20.0,Valencia,19,WHU,WBA,0,0,0,0,0,1
530,21.0,Valencia,70,WHU,SWA,0,0,0,0,0,2
530,22.0,Valencia,90,WHU,HUL,0,2,0,0,3,11
530,23.0,Valencia,90,WHU,LIV,0,0,0,0,0,2
530,24.0,Valencia,83,WHU,MUN,0,0,0,0,0,2
530,25.0,Valencia,45,WHU,SOU,0,0,0,0,0,1
530,26.0,Valencia,74,WHU,TOT,0,0,0,0,0,2
530,27.0,Valencia,90,WHU,CRY,1,0,1,0,0,5
530,28.0,Valencia,90,WHU,CHE,0,0,0,0,0,2
530,32.0,Valencia,77,WHU,STK,0,1,0,0,0,5
530,33.0,Valencia,90,WHU,MCI,0,0,0,0,0,2
530,34.0,Valencia,90,WHU,QPR,0,0,0,0,0,2
530,35.0,Valencia,81,WHU,BUR,0,0,1,0,0,1
530,36.0,Valencia,90,WHU,AVL,0,0,0,0,0,2
530,37.0,Valencia,90,WHU,EVE,0,0,0,0,0,2
530,38.0,Valencia,62,WHU,NEW,0,0,0,0,0,2
531,2.0,Ideye,39,WBA,SOU,0,0,0,0,0,1
531,3.0,Ideye,90,WBA,SWA,0,0,0,0,0,2
531,4.0,Ideye,69,WBA,EVE,0,0,0,0,0,2
531,14.0,Ideye,8,WBA,WHU,0,0,0,0,0,1
531,15.0,Ideye,11,WBA,HUL,0,0,0,0,0,1
531,16.0,Ideye,90,WBA,AVL,0,0,0,0,0,2
531,17.0,Ideye,68,WBA,QPR,0,0,0,0,0,2
531,18.0,Ideye,24,WBA,MCI,1,0,0,0,0,5
531,19.0,Ideye,90,WBA,STK,0,0,0,0,0,2
531,20.0,Ideye,18,WBA,WHU,0,0,0,0,0,1
531,21.0,Ideye,72,WBA,HUL,0,0,0,0,0,2
531,22.0,Ideye,12,WBA,EVE,0,0,0,0,0,1
531,23.0,Ideye,31,WBA,TOT,0,0,0,0,0,1
531,24.0,Ideye,45,WBA,BUR,1,0,1,0,0,4
531,25.0,Ideye,90,WBA,SWA,1,1,1,0,3,11
531,26.0,Ideye,90,WBA,SUN,0,0,0,0,0,2
531,27.0,Ideye,87,WBA,SOU,0,0,0,0,0,2
531,28.0,Ideye,90,WBA,AVL,0,0,0,0,0,2
531,29.0,Ideye,89,WBA,STK,1,0,0,0,3,9
531,31.0,Ideye,90,WBA,QPR,0,0,0,0,0,2
531,32.0,Ideye,59,WBA,LEI,0,1,0,0,0,4
531,34.0,Ideye,16,WBA,LIV,0,0,0,0,0,1
531,35.0,Ideye,11,WBA,MUN,0,0,0,0,0,1
531,37.0,Ideye,12,WBA,CHE,0,0,0,0,0,1
532,1.0,Ulloa,77,LEI,EVE,1,0,0,0,0,6
532,2.0,Ulloa,83,LEI,CHE,0,0,0,0,0,2
532,3.0,Ulloa,76,LEI,ARS,1,0,0,0,1,7
532,4.0,Ulloa,90,LEI,STK,1,0,0,0,3,9
532,5.0,Ulloa,90,LEI,MUN,2,0,0,0,2,12
532,6.0,Ulloa,90,LEI,CRY,0,0,0,0,0,2
532,7.0,Ulloa,62,LEI,BUR,0,0,0,0,0,2
532,8.0,Ulloa,90,LEI,NEW,0,0,1,0,0,1
532,9.0,Ulloa,90,LEI,SWA,0,0,0,0,0,2
532,10.0,Ulloa,23,LEI,WBA,0,0,0,0,0,1
532,11.0,Ulloa,70,LEI,SOU,0,0,0,0,0,2
532,12.0,Ulloa,87,LEI,SUN,0,0,0,0,0,2
532,13.0,Ulloa,59,LEI,QPR,0,1,0,0,0,4
532,14.0,Ulloa,90,LEI,LIV,0,1,0,0,0,5
532,15.0,Ulloa,45,LEI,AVL,1,0,0,0,2,7
532,16.0,Ulloa,27,LEI,MCI,0,0,0,0,0,1
532,17.0,Ulloa,30,LEI,WHU,0,0,1,0,0,0
532,18.0,Ulloa,90,LEI,TOT,1,0,0,0,2,8
532,19.0,Ulloa,54,LEI,HUL,0,0,0,0,0,1
532,20.0,Ulloa,16,LEI,LIV,0,0,0,0,0,1
532,21.0,Ulloa,71,LEI,AVL,0,0,0,0,0,2
532,22.0,Ulloa,20,LEI,STK,0,0,0,0,0,1
532,23.0,Ulloa,61,LEI,MUN,0,0,0,0,0,2
532,24.0,Ulloa,90,LEI,CRY,0,0,1,0,0,1
532,25.0,Ulloa,10,LEI,ARS,0,0,0,0,0,1
532,28.0,Ulloa,14,LEI,MCI,0,0,0,0,0,1
532,29.0,Ulloa,30,LEI,HUL,0,0,0,0,0,1
532,30.0,Ulloa,90,LEI,TOT,0,0,0,0,0,2
532,31.0,Ulloa,71,LEI,WHU,0,0,0,0,0,2
532,32.0,Ulloa,63,LEI,WBA,0,1,0,0,0,5
532,33.0,Ulloa,67,LEI,SWA,1,0,0,0,1,7
532,34.0,Ulloa,64,LEI,BUR,0,0,0,0,0,2
532,34.5,Ulloa,90,LEI,CHE,0,0,0,0,0,2
532,35.0,Ulloa,77,LEI,NEW,2,0,0,0,3,13
532,36.0,Ulloa,77,LEI,SOU,0,1,0,0,0,5
532,37.0,Ulloa,74,LEI,SUN,0,0,0,0,0,2
532,38.0,Ulloa,90,LEI,QPR,1,0,0,0,0,6
533,1.0,Bojan,90,STK,AVL,0,0,0,0,0,2
533,2.0,Bojan,50,STK,HUL,0,0,1,0,0,0
533,4.0,Bojan,73,STK,LEI,0,0,0,0,0,2
533,7.0,Bojan,21,STK,SUN,0,0,1,0,0,0
533,10.0,Bojan,81,STK,WHU,0,0,0,0,0,2
533,11.0,Bojan,83,STK,TOT,1,0,0,0,2,8
533,12.0,Bojan,90,STK,BUR,0,1,0,0,2,7
533,13.0,Bojan,90,STK,LIV,0,0,0,0,0,2
533,14.0,Bojan,90,STK,MUN,0,0,0,0,0,2
533,15.0,Bojan,86,STK,ARS,1,0,0,0,3,9
533,16.0,Bojan,54,STK,CRY,0,0,0,0,0,1
533,17.0,Bojan,90,STK,CHE,0,0,0,0,0,2
533,18.0,Bojan,66,STK,EVE,1,0,0,0,3,9
533,19.0,Bojan,77,STK,WBA,0,0,0,0,0,2
533,21.0,Bojan,72,STK,ARS,0,0,0,0,0,2
533,22.0,Bojan,90,STK,LEI,1,0,0,0,3,9
536,1.0,Campbell,84,CRY,ARS,0,0,0,0,0,2
536,2.0,Campbell,69,CRY,WHU,0,0,0,0,0,2
536,3.0,Campbell,39,CRY,NEW,0,0,0,0,0,1
536,4.0,Campbell,60,CRY,BUR,0,0,0,0,0,2
536,5.0,Campbell,85,CRY,EVE,1,0,0,0,1,7
536,6.0,Campbell,72,CRY,LEI,1,0,0,0,1,7
536,7.0,Campbell,63,CRY,HUL,0,0,1,0,0,1
536,8.0,Campbell,90,CRY,CHE,1,0,1,0,1,6
536,9.0,Campbell,90,CRY,WBA,0,0,0,0,0,2
536,10.0,Campbell,90,CRY,SUN,0,1,0,0,0,5
536,11.0,Campbell,90,CRY,MUN,0,0,0,0,0,2
536,13.0,Campbell,25,CRY,SWA,0,0,0,0,0,1
536,14.0,Campbell,45,CRY,AVL,0,0,1,0,0,0
536,17.0,Campbell,66,CRY,MCI,0,0,0,0,0,2
536,18.0,Campbell,48,CRY,SOU,0,0,0,0,0,1
536,19.0,Campbell,24,CRY,QPR,0,0,0,0,0,1
536,21.0,Campbell,4,CRY,TOT,0,0,1,0,0,0
536,25.0,Campbell,65,CRY,NEW,1,0,0,0,2,8
536,26.0,Campbell,56,CRY,ARS,0,0,0,0,0,1
536,38.0,Campbell,9,CRY,SWA,0,0,1,0,0,0
542,1.0,Drogba,7,CHE,BUR,0,0,0,0,0,1
542,2.0,Drogba,11,CHE,LEI,0,0,0,0,0,1
542,3.0,Drogba,2,CHE,EVE,0,0,0,0,0,1
542,5.0,Drogba,5,CHE,MCI,0,0,0,0,0,1
542,8.0,Drogba,1,CHE,CRY,0,0,0,0,0,1
542,9.0,Drogba,90,CHE,MUN,1,0,1,0,3,8
542,10.0,Drogba,27,CHE,QPR,0,0,0,0,0,1
542,11.0,Drogba,1,CHE,LIV,0,0,0,0,0,1
542,12.0,Drogba,7,CHE,WBA,0,0,0,0,0,1
542,13.0,Drogba,15,CHE,SUN,0,0,0,0,0,1
542,14.0,Drogba,66,CHE,TOT,1,1,0,0,2,11
542,15.0,Drogba,24,CHE,NEW,1,0,0,0,1,6
542,16.0,Drogba,13,CHE,HUL,0,0,0,0,0,1
542,17.0,Drogba,6,CHE,STK,0,0,0,0,0,1
542,18.0,Drogba,8,CHE,WHU,0,0,0,0,0,1
542,19.0,Drogba,17,CHE,SOU,0,0,0,0,0,1
542,23.0,Drogba,11,CHE,MCI,0,0,0,0,0,1
542,24.0,Drogba,63,CHE,AVL,0,0,0,0,0,2
542,25.0,Drogba,21,CHE,EVE,0,0,0,0,0,1
542,26.0,Drogba,5,CHE,BUR,0,0,0,0,0,1
542,28.0,Drogba,1,CHE,WHU,0,0,1,0,0,0
542,31.0,Drogba,34,CHE,STK,0,0,1,0,0,0
542,32.0,Drogba,90,CHE,QPR,0,0,1,0,0,1
542,33.0,Drogba,90,CHE,MUN,0,0,1,0,0,1
542,34.0,Drogba,45,CHE,ARS,0,0,0,0,0,1
542,34.5,Drogba,90,CHE,LEI,1,0,0,0,0,6
542,35.0,Drogba,90,CHE,CRY,0,0,0,0,0,2
542,38.0,Drogba,29,CHE,SUN,0,0,0,0,0,1
570,2.0,Sakho,23,WHU,CRY,0,0,0,0,0,1
570,4.0,Sakho,86,WHU,HUL,0,1,0,0,0,5
570,5.0,Sakho,90,WHU,LIV,1,0,0,0,3,9
570,6.0,Sakho,90,WHU,MUN,1,0,1,0,1,6
570,7.0,Sakho,90,WHU,QPR,1,0,0,0,2,8
570,8.0,Sakho,90,WHU,BUR,1,1,0,0,3,12
570,9.0,Sakho,88,WHU,MCI,1,0,0,0,2,8
570,11.0,Sakho,90,WHU,AVL,0,0,0,0,0,2
570,15.0,Sakho,45,WHU,SWA,1,0,0,0,0,5
570,16.0,Sakho,90,WHU,SUN,0,0,0,0,0,2
570,17.0,Sakho,78,WHU,LEI,0,1,0,0,0,5
570,18.0,Sakho,32,WHU,CHE,0,0,0,0,0,1
570,19.0,Sakho,61,WHU,ARS,0,0,0,0,0,2
570,20.0,Sakho,71,WHU,WBA,1,0,0,0,0,6
570,24.0,Sakho,90,WHU,MUN,0,0,0,0,0,2
570,25.0,Sakho,54,WHU,SOU,0,0,0,0,0,1
570,26.0,Sakho,90,WHU,TOT,1,0,0,0,0,6
570,27.0,Sakho,90,WHU,CRY,0,0,0,0,0,2
570,28.0,Sakho,90,WHU,CHE,0,0,0,0,0,2
570,29.0,Sakho,90,WHU,ARS,0,0,1,0,0,1
570,30.0,Sakho,90,WHU,SUN,1,0,0,0,3,9
570,31.0,Sakho,79,WHU,LEI,0,0,0,0,0,2
570,32.0,Sakho,58,WHU,STK,0,0,0,0,0,1
585,4.0,Vargas,32,QPR,MUN,0,0,0,0,0,1
585,5.0,Vargas,69,QPR,STK,0,0,0,0,0,2
585,6.0,Vargas,76,QPR,SOU,0,1,0,0,0,5
585,8.0,Vargas,12,QPR,LIV,2,0,0,0,3,12
585,9.0,Vargas,86,QPR,AVL,0,1,0,0,0,5
585,10.0,Vargas,90,QPR,CHE,0,0,0,0,0,2
585,11.0,Vargas,90,QPR,MCI,0,0,1,0,0,1
585,13.0,Vargas,75,QPR,LEI,0,0,0,0,0,2
585,14.0,Vargas,90,QPR,SWA,0,0,0,0,0,2
585,15.0,Vargas,77,QPR,BUR,0,0,0,0,0,2
585,16.0,Vargas,90,QPR,EVE,0,0,0,0,0,2
585,17.0,Vargas,66,QPR,WBA,0,0,0,0,0,2
585,18.0,Vargas,90,QPR,ARS,0,0,0,0,0,2
585,19.0,Vargas,26,QPR,CRY,0,0,0,0,0,1
585,20.0,Vargas,90,QPR,SWA,0,0,0,0,0,2
585,21.0,Vargas,75,QPR,BUR,0,0,0,0,0,2
585,22.0,Vargas,90,QPR,MUN,0,0,0,0,0,2
585,23.0,Vargas,90,QPR,STK,0,0,0,0,0,2
585,24.0,Vargas,8,QPR,SOU,0,0,0,0,0,1
585,30.0,Vargas,31,QPR,EVE,1,0,0,0,0,5
585,31.0,Vargas,29,QPR,WBA,1,0,0,0,1,6
586,4.0,Samaras,21,WBA,EVE,0,0,0,0,0,1
586,6.0,Samaras,17,WBA,BUR,0,0,0,0,0,1
586,7.0,Samaras,4,WBA,LIV,0,0,0,0,0,1
586,11.0,Samaras,15,WBA,NEW,0,0,0,0,0,1
586,13.0,Samaras,15,WBA,ARS,0,0,0,0,0,1
587,3.0,Balotelli,60,LIV,TOT,0,0,0,0,0,2
587,4.0,Balotelli,70,LIV,AVL,0,0,0,0,0,2
587,5.0,Balotelli,90,LIV,WHU,0,1,1,0,0,4
587,6.0,Balotelli,87,LIV,EVE,0,1,0,0,0,5
587,7.0,Balotelli,27,LIV,WBA,0,0,0,0,0,1
587,8.0,Balotelli,90,LIV,QPR,0,0,0,0,0,2
587,9.0,Balotelli,90,LIV,HUL,0,0,1,0,0,1
587,10.0,Balotelli,90,LIV,NEW,0,0,0,0,0,2
587,11.0,Balotelli,78,LIV,CHE,0,0,1,0,0,1
587,16.0,Balotelli,45,LIV,MUN,0,0,1,0,0,0
587,19.0,Balotelli,8,LIV,SWA,0,0,0,0,0,1
587,21.0,Balotelli,24,LIV,SUN,0,0,0,0,0,1
587,25.0,Balotelli,17,LIV,TOT,1,0,0,0,1,6
587,30.0,Balotelli,25,LIV,MUN,0,0,1,0,0,0
587,34.0,Balotelli,74,LIV,WBA,0,0,0,0,0,2
587,34.5,Balotelli,64,LIV,HUL,0,0,0,0,0,2
589,3.0,Eto'o,21,EVE,CHE,1,0,0,0,0,5
589,5.0,Eto'o,90,EVE,CRY,0,0,1,0,0,1
589,6.0,Eto'o,11,EVE,LIV,0,0,0,0,0,1
589,8.0,Eto'o,4,EVE,AVL,0,0,0,0,0,1
589,9.0,Eto'o,90,EVE,BUR,2,0,0,0,3,13
589,10.0,Eto'o,90,EVE,SWA,0,0,0,0,0,2
589,11.0,Eto'o,90,EVE,SUN,0,0,0,0,0,2
589,12.0,Eto'o,25,EVE,WHU,0,1,0,0,0,4
589,13.0,Eto'o,60,EVE,TOT,0,0,0,0,0,2
589,15.0,Eto'o,90,EVE,MCI,0,0,0,0,0,2
589,16.0,Eto'o,14,EVE,QPR,0,0,0,0,0,1
589,17.0,Eto'o,90,EVE,SOU,0,0,0,0,0,2
589,18.0,Eto'o,22,EVE,STK,0,0,0,0,0,1
589,19.0,Eto'o,90,EVE,NEW,0,0,0,0,0,2
594,4.0,Hernández,78,HUL,WHU,1,0,0,0,1,7
594,5.0,Hernández,55,HUL,NEW,0,0,0,0,0,1
594,6.0,Hernández,73,HUL,MCI,1,0,0,0,0,6
594,7.0,Hernández,75,HUL,CRY,0,0,0,0,0,2
594,8.0,Hernández,62,HUL,ARS,1,0,0,0,0,6
594,9.0,Hernández,70,HUL,LIV,0,0,0,0,0,2
594,10.0,Hernández,90,HUL,SOU,0,0,0,0,0,2
594,11.0,Hernández,90,HUL,BUR,0,0,1,0,0,1
594,15.0,Hernández,90,HUL,WBA,0,0,0,0,0,2
594,17.0,Hernández,90,HUL,SWA,0,0,0,0,0,2
594,19.0,Hernández,29,HUL,LEI,0,0,0,0,0,1
594,20.0,Hernández,90,HUL,EVE,0,1,0,0,0,5
594,21.0,Hernández,38,HUL,WBA,0,0,0,0,0,1
594,23.0,Hernández,66,HUL,NEW,0,0,0,0,0,2
594,25.0,Hernández,4,HUL,AVL,0,0,0,0,0,1
594,26.0,Hernández,24,HUL,QPR,0,0,0,0,0,1
594,27.0,Hernández,13,HUL,STK,0,0,0,0,0,1
594,28.0,Hernández,18,HUL,SUN,0,0,0,0,0,1
594,29.0,Hernández,6,HUL,LEI,0,0,0,0,0,1
594,30.0,Hernández,90,HUL,CHE,1,0,0,0,0,6
594,31.0,Hernández,80,HUL,SWA,0,0,1,0,0,1
594,32.0,Hernández,7,HUL,SOU,0,0,0,0,0,1
594,36.0,Hernández,25,HUL,BUR,0,0,0,0,0,1
594,37.0,Hernández,29,HUL,TOT,0,0,0,0,0,1
594,38.0,Hernández,21,HUL,MUN,0,0,0,0,0,1
602,4.0,Doyle,30,CRY,BUR,0,0,0,0,0,1
602,5.0,Doyle,5,CRY,EVE,0,0,0,0,0,1
602,11.0,Doyle,1,CRY,MUN,0,0,0,0,0,1
603,4.0,Falcao,24,MUN,QPR,0,0,0,0,0,1
603,5.0,Falcao,71,MUN,LEI,0,1,0,0,0,5
603,6.0,Falcao,64,MUN,WHU,0,1,0,0,0,5
603,7.0,Falcao,72,MUN,EVE,1,0,0,0,1,7
603,8.0,Falcao,19,MUN,WBA,0,0,0,0,0,1
603,13.0,Falcao,21,MUN,HUL,0,0,0,0,0,1
603,14.0,Falcao,13,MUN,STK,0,0,0,0,0,1
603,16.0,Falcao,13,MUN,LIV,0,0,0,0,0,1
603,17.0,Falcao,90,MUN,AVL,1,0,0,0,3,9
603,18.0,Falcao,64,MUN,NEW,0,1,0,0,0,5
603,19.0,Falcao,90,MUN,TOT,0,0,1,0,0,1
603,20.0,Falcao,63,MUN,STK,1,0,0,0,1,7
603,22.0,Falcao,90,MUN,QPR,0,0,0,0,0,2
603,23.0,Falcao,79,MUN,LEI,1,0,0,0,2,8
603,24.0,Falcao,90,MUN,WHU,0,0,0,0,0,2
603,25.0,Falcao,73,MUN,BUR,0,1,1,0,0,4
603,27.0,Falcao,67,MUN,SUN,0,1,0,0,0,5
603,29.0,Falcao,8,MUN,TOT,0,0,0,0,0,1
603,30.0,Falcao,8,MUN,LIV,0,0,0,0,0,1
603,31.0,Falcao,14,MUN,AVL,0,0,0,0,0,1
603,32.0,Falcao,8,MUN,MCI,0,0,0,0,0,1
603,33.0,Falcao,90,MUN,CHE,0,0,0,0,0,2
603,34.0,Falcao,45,MUN,EVE,0,0,0,0,0,1
603,35.0,Falcao,7,MUN,WBA,0,0,0,0,0,1
603,36.0,Falcao,45,MUN,CRY,0,0,0,0,0,1
603,37.0,Falcao,60,MUN,ARS,0,0,0,0,0,2
614,14.0,Pozo,8,MCI,SUN,0,0,0,0,0,1
614,15.0,Pozo,56,MCI,EVE,0,0,0,0,0,1
614,16.0,Pozo,73,MCI,LEI,0,0,0,0,0,2
627,11.0,Barrow,24,SWA,ARS,0,1,1,0,0,3
627,12.0,Barrow,14,SWA,MCI,0,0,0,0,0,1
627,13.0,Barrow,26,SWA,CRY,0,0,0,0,0,1
627,21.0,Barrow,29,SWA,WHU,0,0,0,0,0,1
627,22.0,Barrow,16,SWA,CHE,0,0,0,0,0,1
627,23.0,Barrow,77,SWA,SOU,0,1,0,0,0,5
627,24.0,Barrow,45,SWA,SUN,0,0,0,0,0,1
627,35.0,Barrow,1,SWA,STK,0,0,0,0,0,1
627,36.0,Barrow,12,SWA,ARS,0,0,0,0,0,1
627,37.0,Barrow,18,SWA,MCI,0,0,0,0,0,1
627,38.0,Barrow,27,SWA,CRY,0,0,0,0,0,1
649,23.0,Seager,1,SOU,SWA,0,0,0,0,0,1
658,21.0,Nélson Oliveira,17,SWA,WHU,0,0,0,0,0,1
658,22.0,Nélson Oliveira,65,SWA,CHE,0,0,0,0,0,2
658,24.0,Nélson Oliveira,12,SWA,SUN,0,0,0,0,0,1
658,25.0,Nélson Oliveira,29,SWA,WBA,0,0,0,0,0,1
658,27.0,Nélson Oliveira,1,SWA,BUR,0,0,0,0,0,1
658,28.0,Nélson Oliveira,79,SWA,TOT,0,0,0,0,0,2
658,30.0,Nélson Oliveira,1,SWA,AVL,0,0,0,0,0,1
658,33.0,Nélson Oliveira,74,SWA,LEI,0,0,0,0,0,2
658,34.0,Nélson Oliveira,71,SWA,NEW,1,1,0,0,0,9
658,35.0,Nélson Oliveira,40,SWA,STK,0,0,0,0,0,1
662,22.0,Defoe,74,SUN,TOT,0,1,0,0,0,5
662,23.0,Defoe,74,SUN,BUR,1,0,0,0,0,6
662,24.0,Defoe,90,SUN,SWA,1,0,0,0,1,7
662,25.0,Defoe,90,SUN,QPR,0,0,0,0,0,2
662,26.0,Defoe,90,SUN,WBA,0,0,0,0,0,2
662,27.0,Defoe,66,SUN,MUN,0,0,0,0,0,2
662,28.0,Defoe,90,SUN,HUL,0,0,0,0,0,2
662,29.0,Defoe,90,SUN,AVL,0,0,0,0,0,2
662,30.0,Defoe,87,SUN,WHU,0,0,0,0,0,2
662,31.0,Defoe,79,SUN,NEW,1,0,0,0,3,9
662,32.0,Defoe,90,SUN,CRY,0,0,0,0,0,2
662,34.0,Defoe,90,SUN,STK,0,0,0,0,0,2
662,35.0,Defoe,81,SUN,SOU,0,1,0,0,0,5
662,36.0,Defoe,90,SUN,EVE,1,0,1,0,2,7
662,37.0,Defoe,90,SUN,LEI,0,0,0,0,0,2
662,37.5,Defoe,90,SUN,ARS,0,0,0,0,0,2
662,38.0,Defoe,90,SUN,CHE,0,0,0,0,0,2
663,22.0,Kramaric,26,LEI,STK,0,0,0,0,0,1
663,23.0,Kramaric,61,LEI,MUN,0,0,0,0,0,2
663,24.0,Kramaric,20,LEI,CRY,0,0,0,0,0,1
663,25.0,Kramaric,90,LEI,ARS,1,0,0,0,1,7
663,26.0,Kramaric,90,LEI,EVE,0,0,0,0,0,2
663,28.0,Kramaric,57,LEI,MCI,0,0,0,0,0,1
663,29.0,Kramaric,60,LEI,HUL,0,0,0,0,0,2
663,31.0,Kramaric,19,LEI,WHU,0,0,0,0,0,1
663,33.0,Kramaric,73,LEI,SWA,0,0,0,0,0,2
663,34.0,Kramaric,26,LEI,BUR,0,0,0,0,0,1
663,35.0,Kramaric,13,LEI,NEW,0,0,0,0,0,1
663,37.0,Kramaric,16,LEI,SUN,0,0,0,0,0,1
663,38.0,Kramaric,26,LEI,QPR,1,0,0,0,0,5
668,26.0,Ameobi,11,CRY,ARS,0,0,0,0,0,1
668,27.0,Ameobi,19,CRY,WHU,0,0,0,0,0,1
668,28.0,Ameobi,7,CRY,SOU,0,0,0,0,0,1
668,30.0,Ameobi,5,CRY,STK,0,0,0,0,0,1
676,24.0,N'Doye,15,HUL,MCI,0,0,0,0,0,1
676,25.0,N'Doye,86,HUL,AVL,1,1,0,0,3,12
676,26.0,N'Doye,90,HUL,QPR,1,0,0,0,0,6
676,27.0,N'Doye,35,HUL,STK,0,0,0,0,0,1
676,28.0,N'Doye,90,HUL,SUN,1,0,0,0,1,7
676,29.0,N'Doye,90,HUL,LEI,0,0,1,0,0,1
676,30.0,N'Doye,90,HUL,CHE,0,0,0,0,0,2
676,31.0,N'Doye,90,HUL,SWA,0,0,1,0,0,1
676,32.0,N'Doye,90,HUL,SOU,0,0,0,0,0,2
676,34.0,N'Doye,90,HUL,CRY,2,0,0,0,3,13
676,34.5,N'Doye,89,HUL,LIV,0,0,0,0,0,2
676,35.0,N'Doye,90,HUL,ARS,0,0,1,0,0,1
676,36.0,N'Doye,90,HUL,BUR,0,0,0,0,0,2
676,37.0,N'Doye,90,HUL,TOT,0,0,0,0,0,2
676,38.0,N'Doye,70,HUL,MUN,0,0,0,0,0,2
689,29.0,Hepburn-Murphy,8,AVL,SUN,0,0,0,0,0,1
699,36.0,Sinclair,23,LIV,CHE,0,0,0,0,0,1
699,37.0,Sinclair,4,LIV,CRY,0,0,0,0,0,1
